,Species,Method,SpeciesRangeChange,PercStable,D_index
1,Adnstylsastr,Bioclim,1.519,32.24265702,0.675577963
13,Aubrietcolmn,Bioclim,-0.335,45.361861,0.753420427
25,Bellevalwbbn,Bioclim,1.601,14.02439024,0.552210374
37,Cardamnapnnn,Bioclim,1.143,4.351592696,0.501440322
49,Carduusaffns,Bioclim,-0.199,29.57201788,0.663598814
61,Crocusbiflrs,Bioclim,0.326,36.29904573,0.761907929
73,Crocusetrscs,Bioclim,2.096,9.073870613,0.426675637
85,Crocusimpert,Bioclim,4.505,12.61662426,0.672031174
97,Erysmmpsdrht,Bioclim,-0.204,26.45072587,0.526808059
109,Galiummgllns,Bioclim,2.038,11.00298226,0.667512797
121,Gypsphlarrst,Bioclim,4.515,19.46670552,0.613575259
133,Hellebrsvrds,Bioclim,2.404,16.51036458,0.636150525
145,Klasflavscns,Bioclim,1.795,21.11240536,0.739791821
157,Koelrsplndns,Bioclim,-0.668,48.40495387,0.777812044
169,Leontdnanmls,Bioclim,-1.727,21.97273456,0.440717509
181,Linaripurpur,Bioclim,-0.335,49.96545698,0.84854722
193,Ornthglmetrs,Bioclim,0.04,22.4561691,0.795924532
205,Phyteumovatm,Bioclim,4.036,4.197605698,0.32869019
217,Plyglflvscns,Bioclim,0.101,31.88086795,0.612528588
229,Rnnclspllnns,Bioclim,0.442,29.53424373,0.724195597
241,Sedummagllns,Bioclim,-0.696,28.31805894,0.621984481
253,Silermontanm,Bioclim,-0.003,40.74208014,0.715580868
265,Sxfrgprphyll,Bioclim,-2.498,40.33849527,0.754478172
277,Violaeugenia,Bioclim,0.335,13.33628889,0.530083131
289,Violferrarin,Bioclim,-3.666,4.156075241,0.131090077
2,Adnstylsastr,Biomod2,-0.925,73.61334276,0.836639018
14,Aubrietcolmn,Biomod2,0.085,41.88905547,0.712043279
26,Bellevalwbbn,Biomod2,-1.517,6.800870511,0.669689117
38,Cardamnapnnn,Biomod2,1.755,3.662935323,0.612428464
50,Carduusaffns,Biomod2,-0.149,54.81064226,0.723127333
62,Crocusbiflrs,Biomod2,-0.726,12.9519939,0.719680075
74,Crocusetrscs,Biomod2,0.659,33.69076797,0.717728628
86,Crocusimpert,Biomod2,-1.681,25.22952188,0.7724546
98,Erysmmpsdrht,Biomod2,-0.606,7.560943384,0.595733791
110,Galiummgllns,Biomod2,0.716,39.36825886,0.79287003
122,Gypsphlarrst,Biomod2,-3.133,4.768256085,0.709606836
134,Hellebrsvrds,Biomod2,2.631,20.80853515,0.681083475
146,Klasflavscns,Biomod2,2.107,6.423777565,0.693873089
158,Koelrsplndns,Biomod2,0.386,44.65535746,0.772957418
170,Leontdnanmls,Biomod2,-0.853,19.88552979,0.751823327
182,Linaripurpur,Biomod2,1.386,48.59036502,0.877005733
194,Ornthglmetrs,Biomod2,3.81,4.461196243,0.671795275
206,Phyteumovatm,Biomod2,-1.591,43.30427892,0.639756984
218,Plyglflvscns,Biomod2,0.265,12.21711758,0.598937081
230,Rnnclspllnns,Biomod2,2.339,52.13267165,0.801640735
242,Sedummagllns,Biomod2,-1.574,47.20672469,0.707233507
254,Silermontanm,Biomod2,-0.69,57.82448011,0.758367043
266,Sxfrgprphyll,Biomod2,1.22,53.37269373,0.797214157
278,Violaeugenia,Biomod2,-1.882,35.58680112,0.678162736
290,Violferrarin,Biomod2,3.38,39.7572714,0.567325416
3,Adnstylsastr,CTA,0.445,63.90758596,0.738744289
15,Aubrietcolmn,CTA,-1.754,36.41396934,0.880061058
27,Bellevalwbbn,CTA,-4.356,1.776235198,0.649479694
39,Cardamnapnnn,CTA,4.505,2.077288314,0.638840362
51,Carduusaffns,CTA,-0.364,60.37314623,0.747449506
63,Crocusbiflrs,CTA,-0.365,12.48954755,0.732182385
75,Crocusetrscs,CTA,-0.75,44.58213692,0.770641031
87,Crocusimpert,CTA,-2.8,23.29803328,0.792578914
99,Erysmmpsdrht,CTA,-0.53,18.85513521,0.699182968
111,Galiummgllns,CTA,0.812,74.60266495,0.807193506
123,Gypsphlarrst,CTA,-1.841,9.190775681,0.794323699
135,Hellebrsvrds,CTA,-2.395,15.47990636,0.648771827
147,Klasflavscns,CTA,-0.289,11.11082803,0.820129648
159,Koelrsplndns,CTA,0.025,43.76979766,0.717318443
171,Leontdnanmls,CTA,1.429,49.39892439,0.782784989
183,Linaripurpur,CTA,-0.252,38.27730088,0.79229136
195,Ornthglmetrs,CTA,1.072,7.435558493,0.801704097
207,Phyteumovatm,CTA,-0.226,39.10168958,0.502906671
219,Plyglflvscns,CTA,0.538,13.50822783,0.623780341
231,Rnnclspllnns,CTA,-1.276,52.49667513,0.792209105
243,Sedummagllns,CTA,-0.711,64.32758772,0.729293088
255,Silermontanm,CTA,0.448,41.36087908,0.720617146
267,Sxfrgprphyll,CTA,1.259,52.13991271,0.806702046
279,Violaeugenia,CTA,0.135,53.08742723,0.823723302
291,Violferrarin,CTA,-5.665,31.25321007,0.533419998
4,Adnstylsastr,Domain,-0.573,34.76060531,0.960625267
16,Aubrietcolmn,Domain,1.463,29.00647651,0.830783487
28,Bellevalwbbn,Domain,8.781,7.253699026,0.805201692
40,Cardamnapnnn,Domain,0.011,5.828707375,0.841161959
52,Carduusaffns,Domain,0.626,31.40698469,0.87423708
64,Crocusbiflrs,Domain,-0.702,14.29584301,0.930094116
76,Crocusetrscs,Domain,0.405,36.68748081,0.647459504
88,Crocusimpert,Domain,-0.939,8.130910439,0.907703315
100,Erysmmpsdrht,Domain,0.443,13.59514509,0.900859146
112,Galiummgllns,Domain,0.698,53.47055637,0.583261431
124,Gypsphlarrst,Domain,-4.746,11.63158535,0.874695834
136,Hellebrsvrds,Domain,0.141,8.349710131,0.860077898
148,Klasflavscns,Domain,0.858,5.855746709,0.946490164
160,Koelrsplndns,Domain,-0.845,31.40089419,0.959857908
172,Leontdnanmls,Domain,-5.312,19.23515982,0.659930089
184,Linaripurpur,Domain,-0.085,21.38953309,0.95474917
196,Ornthglmetrs,Domain,5.655,5.80604534,0.932438445
208,Phyteumovatm,Domain,-6.898,15.48381929,0.825330665
220,Plyglflvscns,Domain,-0.549,25.82359192,0.939704115
232,Rnnclspllnns,Domain,-0.032,39.3728223,0.918795647
244,Sedummagllns,Domain,1.247,35.56830907,0.824575856
256,Silermontanm,Domain,0.578,31.93260183,0.883565676
268,Sxfrgprphyll,Domain,-1.347,41.9475911,0.790579367
280,Violaeugenia,Domain,-0.822,21.46243618,0.884222883
292,Violferrarin,Domain,1.849,15.94886922,0.349461564
5,Adnstylsastr,FDA,-0.072,77.28124791,0.914280361
17,Aubrietcolmn,FDA,-0.194,51.9586953,0.839354033
29,Bellevalwbbn,FDA,0.606,10.81332589,0.81962423
41,Cardamnapnnn,FDA,1.851,0.010875082,0.65467762
53,Carduusaffns,FDA,1.373,74.90108665,0.809020583
65,Crocusbiflrs,FDA,-1.29,22.25433852,0.905104955
77,Crocusetrscs,FDA,-1.526,46.17665225,0.900188713
89,Crocusimpert,FDA,1.611,33.22846079,0.856089554
101,Erysmmpsdrht,FDA,0.791,39.63530839,0.817850036
113,Galiummgllns,FDA,-0.326,73.42986891,0.850897651
125,Gypsphlarrst,FDA,-1.081,27.0959457,0.87275034
137,Hellebrsvrds,FDA,0.365,47.25533042,0.758298699
149,Klasflavscns,FDA,-0.859,8.874647256,0.813280942
161,Koelrsplndns,FDA,1.18,71.10995751,0.924625548
173,Leontdnanmls,FDA,-1.13,19.73348455,0.859232678
185,Linaripurpur,FDA,0.417,60.46702171,0.868399014
197,Ornthglmetrs,FDA,1.041,31.54720244,0.880041168
209,Phyteumovatm,FDA,0.674,33.85024775,0.581475728
221,Plyglflvscns,FDA,-0.158,21.37992191,0.795272156
233,Rnnclspllnns,FDA,3.042,65.90596105,0.882613633
245,Sedummagllns,FDA,1.623,61.84975834,0.83665436
257,Silermontanm,FDA,-0.218,69.41794593,0.793658062
269,Sxfrgprphyll,FDA,0.193,75.19641801,0.961107951
281,Violaeugenia,FDA,-0.56,55.55102991,0.812936161
293,Violferrarin,FDA,-1.669,46.2466158,0.809812321
6,Adnstylsastr,GAM,-1.356,53.47642166,0.784641246
18,Aubrietcolmn,GAM,0.323,25.64206542,0.825429047
30,Bellevalwbbn,GAM,0.834,1.45000843,0.730567363
42,Cardamnapnnn,GAM,2.998,0.276941601,0.516788713
54,Carduusaffns,GAM,0.666,31.50086871,0.697294162
66,Crocusbiflrs,GAM,2.139,15.0687633,0.776522666
78,Crocusetrscs,GAM,2.918,37.85667611,0.776468564
90,Crocusimpert,GAM,-3.793,7.5,0.698166366
102,Erysmmpsdrht,GAM,0.068,12.54648455,0.754525479
114,Galiummgllns,GAM,-0.529,18.32154934,0.70111102
126,Gypsphlarrst,GAM,1.06,11.06427819,0.776379584
138,Hellebrsvrds,GAM,-1.138,30.623869,0.73019104
150,Klasflavscns,GAM,4.014,5.2805141,0.790761801
162,Koelrsplndns,GAM,0.532,33.62237973,0.774671411
174,Leontdnanmls,GAM,1.285,19.40448792,0.587456812
186,Linaripurpur,GAM,1.003,21.99737404,0.867728294
198,Ornthglmetrs,GAM,0.083,7.582544152,0.772620326
210,Phyteumovatm,GAM,-0.073,24.17245423,0.589835537
222,Plyglflvscns,GAM,0.075,13.46353986,0.651756222
234,Rnnclspllnns,GAM,-1.581,24.88361837,0.857409353
246,Sedummagllns,GAM,2.874,27.11842446,0.848878935
258,Silermontanm,GAM,-0.573,18.25486762,0.74812901
270,Sxfrgprphyll,GAM,-0.436,21.57335907,0.820962409
282,Violaeugenia,GAM,0.329,23.1561222,0.717088383
294,Violferrarin,GAM,-6.206,33.41801386,0.731064272
7,Adnstylsastr,GLM,-0.154,50.42058661,0.944307036
19,Aubrietcolmn,GLM,2.024,44.43920088,0.931010444
31,Bellevalwbbn,GLM,-2.624,15.08892714,0.855591557
43,Cardamnapnnn,GLM,0.44,0.012552564,0.653649139
55,Carduusaffns,GLM,-0.032,53.02666993,0.875866826
67,Crocusbiflrs,GLM,0.888,9.735040782,0.882808309
79,Crocusetrscs,GLM,0.385,38.43042071,0.910756278
91,Crocusimpert,GLM,-3.056,33.61887027,0.807137816
103,Erysmmpsdrht,GLM,-3.024,37.93103448,0.760804027
115,Galiummgllns,GLM,-4.077,50.81325763,0.929371986
127,Gypsphlarrst,GLM,-0.15,31.8870686,0.874464529
139,Hellebrsvrds,GLM,-0.265,38.37079001,0.804046786
151,Klasflavscns,GLM,0.504,17.14956804,0.901102999
163,Koelrsplndns,GLM,-0.411,53.37114707,0.921670161
175,Leontdnanmls,GLM,0.383,39.55273698,0.901363941
187,Linaripurpur,GLM,0.348,51.27110931,0.915742036
199,Ornthglmetrs,GLM,1.63,13.6409877,0.837655794
211,Phyteumovatm,GLM,0.823,44.1709468,0.797228926
223,Plyglflvscns,GLM,-0.211,19.03931823,0.75657869
235,Rnnclspllnns,GLM,2.343,45.0579062,0.944960533
247,Sedummagllns,GLM,2.368,48.6799939,0.878407293
259,Silermontanm,GLM,0.864,48.68350073,0.913467406
271,Sxfrgprphyll,GLM,0.477,52.29543809,0.969037539
283,Violaeugenia,GLM,-2.881,33.35653904,0.701239796
295,Violferrarin,GLM,-2.132,48.42462433,0.899310088
8,Adnstylsastr,KDE,-1.532,25.03127139,0.793458387
20,Aubrietcolmn,KDE,-0.322,17.05646114,0.805882356
32,Bellevalwbbn,KDE,1.867,4.205361836,0.779695379
44,Cardamnapnnn,KDE,-6.235,3.120042306,0.822475915
56,Carduusaffns,KDE,0.753,28.83757114,0.611001303
68,Crocusbiflrs,KDE,0.259,14.60682204,0.902796145
80,Crocusetrscs,KDE,-0.977,35.05726341,0.639849073
92,Crocusimpert,KDE,-1.609,3.932965223,0.852986834
104,Erysmmpsdrht,KDE,-0.769,11.40935013,0.895988223
116,Galiummgllns,KDE,1.069,53.902897,0.766831703
128,Gypsphlarrst,KDE,6.857,9.416351607,0.829503885
140,Hellebrsvrds,KDE,1.637,4.478711272,0.817210754
152,Klasflavscns,KDE,0.088,4.361778767,0.88857163
164,Koelrsplndns,KDE,0.767,22.9961373,0.858439725
176,Leontdnanmls,KDE,-0.051,11.31054131,0.787092423
188,Linaripurpur,KDE,-0.447,12.44139658,0.928907092
200,Ornthglmetrs,KDE,0.338,2.875122057,0.927503389
212,Phyteumovatm,KDE,-0.238,17.02671312,0.469806708
224,Plyglflvscns,KDE,-0.385,23.50572384,0.856226176
236,Rnnclspllnns,KDE,3.36,21.65746975,0.823659622
248,Sedummagllns,KDE,-0.762,28.72633492,0.723821763
260,Silermontanm,KDE,1.012,17.73587134,0.838525759
272,Sxfrgprphyll,KDE,-0.24,29.27680798,0.761764459
284,Violaeugenia,KDE,-1.06,23.08594768,0.794322703
296,Violferrarin,KDE,6.201,23.01820317,0.464174489
9,Adnstylsastr,MARS,-0.771,17.55344047,0.741364026
21,Aubrietcolmn,MARS,1.839,4.998311381,0.703993
33,Bellevalwbbn,MARS,-5.859,2.205755644,0.501802957
45,Cardamnapnnn,MARS,3.123,1.914023786,0.427210709
57,Carduusaffns,MARS,-1.587,12.18181152,0.6610293
69,Crocusbiflrs,MARS,-0.36,10.61479015,0.717984906
81,Crocusetrscs,MARS,-2.477,6.262246258,0.602819144
93,Crocusimpert,MARS,-4.689,2.85926476,0.394716274
105,Erysmmpsdrht,MARS,0.206,6.852369542,0.73399557
117,Galiummgllns,MARS,-0.409,9.367822378,0.738044548
129,Gypsphlarrst,MARS,2.168,5.999151064,0.855071696
141,Hellebrsvrds,MARS,-0.121,6.074655254,0.521624901
153,Klasflavscns,MARS,2.413,4.477660228,0.715936711
165,Koelrsplndns,MARS,0.327,14.24315416,0.661802514
177,Leontdnanmls,MARS,-3.631,7.598557393,0.468069772
189,Linaripurpur,MARS,-1.847,8.791208791,0.794352887
201,Ornthglmetrs,MARS,-3.558,2.037206465,0.659339353
213,Phyteumovatm,MARS,-2.639,9.050059125,0.538490928
225,Plyglflvscns,MARS,-0.196,11.32647156,0.605769972
237,Rnnclspllnns,MARS,-2.855,6.975985648,0.750180942
249,Sedummagllns,MARS,1.48,11.34504775,0.758463713
261,Silermontanm,MARS,-0.675,9.035319343,0.761085744
273,Sxfrgprphyll,MARS,1.452,8.943287658,0.731775498
285,Violaeugenia,MARS,-0.171,5.550325567,0.624608645
297,Violferrarin,MARS,-2.987,4.633135028,0.565455203
10,Adnstylsastr,Maxent,-0.938,67.13356367,0.852785233
22,Aubrietcolmn,Maxent,-1.66,67.54133717,0.840210644
34,Bellevalwbbn,Maxent,2.177,6.142857143,0.826028929
46,Cardamnapnnn,Maxent,-2.551,2.436611008,0.63190541
58,Carduusaffns,Maxent,-0.633,42.62992417,0.658747736
70,Crocusbiflrs,Maxent,-0.927,20.06751037,0.839017988
82,Crocusetrscs,Maxent,-1.781,53.35219584,0.92491451
94,Crocusimpert,Maxent,-5.235,21.73310595,0.833343308
106,Erysmmpsdrht,Maxent,0.266,22.27221172,0.689220371
118,Galiummgllns,Maxent,1.218,20.05813953,0.853710168
130,Gypsphlarrst,Maxent,-4.361,10.41464597,0.792325516
142,Hellebrsvrds,Maxent,1.222,15.32589239,0.680878809
154,Klasflavscns,Maxent,1.09,15.82026009,0.851848745
166,Koelrsplndns,Maxent,-0.129,54.69617068,0.803601017
178,Leontdnanmls,Maxent,3.102,24.67648371,0.720044765
190,Linaripurpur,Maxent,-0.521,60.84604775,0.878086054
202,Ornthglmetrs,Maxent,-0.328,16.13377,0.874455612
214,Phyteumovatm,Maxent,1.154,29.30166858,0.541310127
226,Plyglflvscns,Maxent,-0.002,17.97028282,0.675052704
238,Rnnclspllnns,Maxent,1.065,56.59491432,0.859581191
250,Sedummagllns,Maxent,1.328,48.0127186,0.812621873
262,Silermontanm,Maxent,0.712,62.28471399,0.77185574
274,Sxfrgprphyll,Maxent,-0.019,49.85182508,0.829255245
286,Violaeugenia,Maxent,1.99,46.43316885,0.787234005
298,Violferrarin,Maxent,-0.347,35.9622196,0.626327945
11,Adnstylsastr,RF,0.126,59.79341892,0.797357832
23,Aubrietcolmn,RF,-0.915,42.54152065,0.828998304
35,Bellevalwbbn,RF,8.342,4.629466643,0.758686269
47,Cardamnapnnn,RF,-1.056,1.975417032,0.755818499
59,Carduusaffns,RF,0.837,43.39726783,0.72520327
71,Crocusbiflrs,RF,-0.56,12.38633596,0.813286962
83,Crocusetrscs,RF,-1.682,56.55768508,0.919597447
95,Crocusimpert,RF,0.24,20.59379517,0.835081199
107,Erysmmpsdrht,RF,-0.986,22.84523228,0.743547843
119,Galiummgllns,RF,-0.212,59.72390409,0.869023083
131,Gypsphlarrst,RF,0.084,23.34350055,0.831288005
143,Hellebrsvrds,RF,-1.617,16.73236857,0.799192784
155,Klasflavscns,RF,0.607,9.754412551,0.807043258
167,Koelrsplndns,RF,0.279,44.45460932,0.764550036
179,Leontdnanmls,RF,-0.314,17.95714286,0.859503094
191,Linaripurpur,RF,-0.962,41.078238,0.855582332
203,Ornthglmetrs,RF,0.942,6.499738835,0.81779034
215,Phyteumovatm,RF,-1.123,19.84515077,0.522008256
227,Plyglflvscns,RF,-0.864,16.86754155,0.702553881
239,Rnnclspllnns,RF,2.132,54.29900251,0.822278077
251,Sedummagllns,RF,1.31,50.35927228,0.762417376
263,Silermontanm,RF,-0.315,49.95271122,0.779474751
275,Sxfrgprphyll,RF,-1.334,54.14295218,0.790486022
287,Violaeugenia,RF,-0.178,31.21559074,0.728886695
299,Violferrarin,RF,-0.273,24.15551307,0.674544944
12,Adnstylsastr,SVM,0.23,67.31423622,0.884736112
24,Aubrietcolmn,SVM,-2.097,58.53779022,0.842702698
36,Bellevalwbbn,SVM,-3.736,3.625377644,0.712009201
48,Cardamnapnnn,SVM,2.255,0.012188433,0.360184652
60,Carduusaffns,SVM,-0.707,62.55226804,0.821121171
72,Crocusbiflrs,SVM,-0.23,20.13440082,0.729323336
84,Crocusetrscs,SVM,-0.406,56.71239588,0.920284876
96,Crocusimpert,SVM,-2.619,10.51591429,0.766354776
108,Erysmmpsdrht,SVM,-1.565,14.3343862,0.625214272
120,Galiummgllns,SVM,0.11,67.72646985,0.915265492
132,Gypsphlarrst,SVM,6.857,16.08738828,0.838613458
144,Hellebrsvrds,SVM,-1.588,10.44584383,0.670605439
156,Klasflavscns,SVM,-2.584,1.013790064,0.681901987
168,Koelrsplndns,SVM,-0.393,59.72797482,0.847851476
180,Leontdnanmls,SVM,-1.187,31.34238311,0.788009038
192,Linaripurpur,SVM,-0.564,68.96274457,0.764650383
204,Ornthglmetrs,SVM,-1.306,0.185550967,0.672750448
216,Phyteumovatm,SVM,0.291,32.78568151,0.639357993
228,Plyglflvscns,SVM,0.328,8.645956103,0.496961447
240,Rnnclspllnns,SVM,0.055,53.96757679,0.853248142
252,Sedummagllns,SVM,-1.645,62.30194565,0.828605887
264,Silermontanm,SVM,-0.355,61.46417706,0.824972687
276,Sxfrgprphyll,SVM,0.576,68.83468835,0.863918084
288,Violaeugenia,SVM,1.755,24.35004643,0.62702394
300,Violferrarin,SVM,-3.678,39.64027096,0.869704566
