"","canopy_height_m","ldmc_geo_mgg","leaf_mass_mg","leaf_size_mm2","seed_mass_mg","sbs_name","genus"
"Acer campestre",3.37380048633865,1.76949091676681,0.775653615688227,0.85081299225259,1.91601235824027,"Acer campestre","Acer"
"Achillea millefolium",0.0206041976686523,0.000830887451958008,-0.305554100490826,-0.444046278252869,-0.973792987142479,"Achillea millefolium","Achillea"
"Aegopodium podagraria",0.34865474817311,0.573202784859967,1.48878874388925,1.40483982584591,0.247834781164309,"Aegopodium podagraria","Aegopodium"
"Aethusa cynapium",0.125644065510028,0.113910727038481,0.551086318680642,0.643900806744725,0.251811433958142,"Aethusa cynapium","Aethusa"
"Agrimonia eupatoria",-0.142093970792452,1.60972943010779,1.27557663366738,1.15744399794098,1.27115476474617,"Agrimonia eupatoria","Agrimonia"
"Agrostemma githago",0.507809761868311,0.260920866808837,0.183842877098917,0.0266176521468403,1.28374482149763,"Agrostemma githago","Agrostemma"
"Agrostis canina",-0.2423347974508,1.11562877087546,-1.5267523330567,-1.40447605255097,-1.38910826620685,"Agrostis canina","Agrostis"
"Aira caryophyllea",-1.19688434718148,1.09365362364542,-1.82679647480595,-2.22594300957687,-1.06948937149921,"Aira caryophyllea","Aira"
"Ajuga chamaepitys",-1.37034651615964,-0.427475553150912,-1.29783910922898,-1.37751472341956,0.0920554261407568,"Ajuga chamaepitys","Ajuga"
"Ajuga reptans",-0.83053880290039,-0.511894744909924,-0.419707345083511,-0.284049669601812,0.181913093974322,"Ajuga reptans","Ajuga"
"Alcea rosea",1.33229134322502,0.236078623310477,1.38593263972987,1.14400815737893,1.04998725498748,"Alcea rosea","Alcea"
"Alisma lanceolatum",-0.325118108671941,-1.19769644667658,0.243368350186946,0.330508023039927,-0.460350697109244,"Alisma lanceolatum","Alisma"
"Alisma plantago-aquatica",-0.166181533250523,-0.84447410360315,1.29733717274255,1.34155721298149,-0.462446966732464,"Alisma plantago-aquatica","Alisma"
"Alliaria petiolata",0.143427908474797,-0.370722086554004,0.85139265610922,1.09459465539834,0.408225818344218,"Alliaria petiolata","Alliaria"
"Allium carinatum",-0.516037793087302,-1.36347997533714,0.0508072109165871,0.157458287534151,0.122204145244207,"Allium carinatum","Allium"
"Allium sphaerocephalon",-0.516037793087302,-0.854744829942043,1.08951203185714,0.377804062859513,0.181085896014786,"Allium sphaerocephalon","Allium"
"Allium ursinum",-0.325118108671941,-1.28735662086146,0.809028037381624,1.03044825623242,0.807444493607153,"Allium ursinum","Allium"
"Allium vineale",-0.415796966428953,-0.223618779694026,0.472273864650914,0.12107544026614,0.965813203884075,"Allium vineale","Allium"
"Alopecurus myosuroides",-0.2423347974508,1.01966272557854,-0.312035224287305,-0.292690565302435,0.366054429717059,"Alopecurus myosuroides","Alopecurus"
"Alopecurus pratensis",0.143427908474797,1.35104837851794,0.0442136513492434,0.0714680838584337,-0.202267135666371,"Alopecurus pratensis","Alopecurus"
"Althaea officinalis",0.585624874346631,0.271376610119116,0.746779392776161,0.769516085877053,0.829370789924591,"Althaea officinalis","Althaea"
"Amaranthus caudatus",0.583963026068588,-0.158232431272175,0.818568007919135,0.776063018411231,-0.194310742346499,"Amaranthus caudatus","Amaranthus"
"Amaranthus retroflexus",0.146945132063845,0.488571694170665,0.960683649445831,0.705387220021788,-0.371288468195724,"Amaranthus retroflexus","Amaranthus"
"Ammi majus",0.0194006454559303,-0.71156330911423,-1.44909832572238,-1.32625363168068,-0.234570301103517,"Ammi majus","Ammi"
"Anemone nemorosa",-0.978835104542791,0.266900605245469,0.57477253675513,0.608975937181003,0.364696536711346,"Anemone nemorosa","Anemone"
"Angelica sylvestris",0.670803519972316,0.454876973902191,1.84770028593004,1.99175671189385,0.423007029499431,"Angelica sylvestris","Angelica"
"Anthemis arvensis",-0.291135642808623,-0.748448954243329,-0.64079008226484,-0.494499172565996,-0.13457842442157,"Anthemis arvensis","Anthemis"
"Anthemis cotula",-0.291135642808623,-1.46381167170211,-0.943785120353824,-1.02189215397179,-0.380151925502598,"Anthemis cotula","Anthemis"
"Anthericum liliago",-0.2423347974508,-0.349413467457946,0.765822399558624,0.664855112244063,0.822027522793339,"Anthericum liliago","Anthericum"
"Anthriscus caucalis",-0.0688726284726471,0.116495035454864,0.533075642737206,0.712199194114066,0.0763168196693665,"Anthriscus caucalis","Anthriscus"
"Anthyllis vulneraria",-0.628097503376397,-0.231436384270666,0.234875494269503,0.0304435093118912,0.564738957447738,"Anthyllis vulneraria","Anthyllis"
"Antirrhinum majus",0.0890469421514717,-0.310901761342042,-0.206622773870682,-0.605464723445391,-1.03685361730037,"Antirrhinum majus","Antirrhinum"
"Aphanes arvensis",-1.44218499792017,0.940197348507169,-1.43409105754392,-1.70474935888782,-0.737378661067242,"Aphanes arvensis","Aphanes"
"Arabidopsis thaliana",-1.013860209302,-1.55233881904003,-0.71763026115347,-0.645376175324022,-1.85813486005037,"Arabidopsis thaliana","Arabidopsis"
"Arabis hirsuta",-0.171073101338294,-0.294817770140921,-0.469043376563058,-0.493996349629513,-1.11657090323261,"Arabis hirsuta","Arabis"
"Arabis sagittata",0.0890469421514717,-0.682066029436972,-0.465337156792632,-0.667157596699067,-1.10642329733241,"Arabis sagittata","Arabis"
"Arctium lappa",0.980750280579837,0.138733395048443,1.85151690717642,1.73587301648929,1.23038549210798,"Arctium lappa","Arctium"
"Arctium minus",0.563791078270034,-0.11901730984705,2.34690498423592,2.54824082552843,1.19270118293589,"Arctium minus","Arctium"
"Arenaria serpyllifolia",-0.811121641255887,0.444936838461519,-2.07924172181881,-2.265277548749,-1.29782256797967,"Arenaria serpyllifolia","Arenaria"
"Aristolochia clematitis",0.0313681981857021,1.02259701848462,1.29101319841364,1.16203146556255,1.66832374386304,"Aristolochia clematitis","Aristolochia"
"Arrhenatherum elatius",1.13427534963917,1.20229200075818,-0.132153638988718,0.133338625134145,0.538376399666032,"Arrhenatherum elatius","Arrhenatherum"
"Artemisia absinthium",0.720110298815755,0.46091986513549,0.463524424385473,0.506696001226641,-1.07819829265541,"Artemisia absinthium","Artemisia"
"Artemisia annua",0.854333591337422,0.46550330516017,-0.140253205733561,-0.209805640213817,-1.68421488647574,"Artemisia annua","Artemisia"
"Artemisia vulgaris",1.22325677983213,0.879001723628822,0.94085409804039,0.749319148197392,-0.928329087417454,"Artemisia vulgaris","Artemisia"
"Arum maculatum",-0.444776096974794,-1.21086019453207,1.05189496238116,1.27159546644143,2.0552553633274,"Arum maculatum","Arum"
"Asparagus officinalis",0.802893610036897,1.09929504136169,-1.21709857171022,-1.87917075476003,1.77915374860022,"Asparagus officinalis","Asparagus"
"Astragalus glycyphyllos",0.376639350848065,1.02455141831183,0.539709247339423,0.556665067303944,0.785161419488686,"Astragalus glycyphyllos","Astragalus"
"Atriplex prostrata",0.854333591337422,-0.667116300354106,0.635936601399907,0.546876217230715,0.367334519963434,"Atriplex prostrata","Atriplex"
"Avena barbata",-0.728338330034746,0.660485766507986,-4.56551432659464,-1.1003245924952,0.991871276417797,"Avena barbata","Avena"
"Avena fatua",0.629431441058744,0.7085824214625,1.05569563929863,0.902479750619371,1.4860090108915,"Avena fatua","Avena"
"Avena sterilis",-0.342575624109149,0.10260931312262,-0.421157246246569,-0.27954542055762,1.95730759843256,"Avena sterilis","Avena"
"Avena strigosa",1.31393563758914,0.226867458295496,0.285595575381005,0.387903196809552,0.962261353217733,"Avena strigosa","Avena"
"Baldellia ranunculoides",-1.07526266799105,-0.767340560263566,-0.358554001102741,-0.423824894398764,-0.409862676903157,"Baldellia ranunculoides","Baldellia"
"Ballota nigra",0.455969272080591,0.478966662701875,-0.0187371542364966,-0.149398112619366,-0.0749848704582055,"Ballota nigra","Ballota"
"Barbarea vulgaris",0.290088082633532,-0.169529118579348,0.672757244488177,0.851817069295604,-0.241247564329801,"Barbarea vulgaris","Barbarea"
"Bellis perennis",-1.85635004874358,-1.30682922009893,-0.622892584267986,-0.51566989932809,-0.939766555939347,"Bellis perennis","Bellis"
"Berula erecta",0.194867889775323,-1.73943713071147,0.706331760960715,0.702458176507435,-0.172950086171425,"Berula erecta","Berula"
"Beta vulgaris",1.22325677983213,-0.278830380070076,1.48753893325533,1.5715459396994,1.44603189509192,"Beta vulgaris","Beta"
"Bidens frondosa",0.290088082633532,-0.160365968584033,0.516536710866999,0.783568797800616,1.03462699092523,"Bidens frondosa","Bidens"
"Bidens tripartita",0.290088082633532,-0.526549321534226,0.318820401400258,0.494051511531414,0.425674277265812,"Bidens tripartita","Bidens"
"Blackstonia perfoliata",-0.530238174575485,0.491706019267541,-0.386769880482532,-0.391652242975735,-2.26200647561907,"Blackstonia perfoliata","Blackstonia"
"Borago officinalis",-0.211138301066594,-0.659626826113773,0.686705734793987,0.753572814149868,1.32210343526817,"Borago officinalis","Borago"
"Brachypodium sylvaticum",0.720110298815755,1.35458876118664,-0.337652187622685,0.745534358718459,0.490181631409251,"Brachypodium sylvaticum","Brachypodium"
"Brassica nigra",0.610210425770419,-0.98222554009217,0.936169933793905,1.05074566191922,0.134041021634501,"Brassica nigra","Brassica"
"Brassica rapa",0.414484427029956,-0.72183485337609,0.618829107995405,0.661419611193995,0.363441650189442,"Brassica rapa","Brassica"
"Briza media",-0.811121641255887,1.26298328735077,-0.197059468854305,-0.206252483866477,-0.439790317089558,"Briza media","Briza"
"Bromus arvensis",-0.145907234002536,1.01437283343045,0.010469991835048,0.0699452667738267,0.461865155614202,"Bromus arvensis","Bromus"
"Bromus commutatus",0.243668735133147,0.469958557844215,-0.121233698414559,-0.0168957710721362,0.789970422397584,"Bromus commutatus","Bromus"
"Bromus madritensis",-0.676898348734221,-0.297545201387362,-1.39010433019529,-0.955563959583186,0.450334815805609,"Bromus madritensis","Bromus"
"Bromus sterilis",-0.0300342605033554,0.581868747299888,-0.485598293523434,-0.376034400144843,0.964622199247592,"Bromus sterilis","Bromus"
"Buddleja davidii",1.4798168270362,0.570230608506989,0.335967041861233,0.60334803482719,-1.37871900122026,"Buddleja davidii","Buddleja"
"Butomus umbellatus",0.690833899747801,-1.15164990386878,1.31060591727717,0.958038419682088,-0.847276955765741,"Butomus umbellatus","Butomus"
"Cakile maritima",-0.589259135407107,-1.96530167779316,0.320369293503776,-0.037487137898842,1.49105376039631,"Cakile maritima","Cakile"
"Calamagrostis epigejos",0.903134436695246,2.04647658473087,0.946578152830839,0.878337519475088,-1.21511317407699,"Calamagrostis epigejos","Calamagrostis"
"Calendula arvensis",-0.901800499012899,-1.83022654457358,0.0129557401301284,-0.00152477121147854,0.611318665162418,"Calendula arvensis","Calendula"
"Callitriche palustris",-3.60530366805001,-1.41891537759816,-2.12765857311165,-1.47971388816651,-1.2381266884952,"Callitriche palustris","Callitriche"
"Calystegia sepium",1.14355745152943,-0.0207813485515588,0.418022225301315,0.643940833089356,1.63517731532284,"Calystegia sepium","Calystegia"
"Calystegia silvatica",1.56260013825734,0.502840297571395,0.614388087746547,0.624440202568936,1.73321351949397,"Calystegia silvatica","Calystegia"
"Campanula rapunculus",0.243668735133147,-0.351542130062451,-0.604393128851135,-0.228501183919769,-1.63365193392717,"Campanula rapunculus","Campanula"
"Campanula trachelium",0.417130904111299,-0.409501642584105,0.4255508286004,0.705129966367767,-0.704301646190496,"Campanula trachelium","Campanula"
"Cannabis sativa",1.0765966056734,0.675266132750855,0.799859071771263,0.864522906615492,0.889442105242876,"Cannabis sativa","Cannabis"
"Capsella bursa-pastoris",-1.06266105465982,-0.611557592927534,0.215257818119177,0.350377437502792,-1.11360110483849,"Capsella bursa-pastoris","Capsella"
"Cardamine amara",-0.448051170423241,-1.03576854775594,0.102719874277973,0.51514810718764,-0.651575196930679,"Cardamine amara","Cardamine"
"Cardamine bulbifera",0.0254032388516781,-0.572337911938289,0.143988395996795,0.445906959234192,0.475262612451871,"Cardamine bulbifera","Cardamine"
"Cardamine flexuosa",-0.551944239176118,-0.966081519631912,-0.593165497290834,-0.192456740547803,-1.00959734400197,"Cardamine flexuosa","Cardamine"
"Cardamine heptaphylla",-0.0300342605033554,-0.804559643228616,1.45146711265332,1.7926303528155,0.860066819160018,"Cardamine heptaphylla","Cardamine"
"Cardamine hirsuta",-1.12740765702838,-1.02871717291707,-0.641062737093887,-0.549154125899331,-1.07127009408569,"Cardamine hirsuta","Cardamine"
"Cardamine impatiens",-0.0732875222290808,1.37633194594495,-0.874014692910207,-0.731094791750449,-0.61551470201458,"Cardamine impatiens","Cardamine"
"Cardamine parviflora",-1.07526266799105,-0.322704747758219,-1.38897940763928,-1.34070885179592,-1.07845980438504,"Cardamine parviflora","Cardamine"
"Carduus nutans",0.417130904111299,-0.993737793814532,0.999824812421554,0.83465599822267,0.562124276728419,"Carduus nutans","Carduus"
"Carex acuta",0.802893610036897,1.54858121324209,0.610121601483497,0.502346929068345,-0.412417363120519,"Carex acuta","Carex"
"Carex acutiformis",0.629431441058744,1.56170623189577,1.20561119452289,1.05971746541559,-0.0714641050292099,"Carex acutiformis","Carex"
"Carex caryophyllea",-1.38780403159685,1.3677590160064,-0.442844814686153,-0.475220850445982,0.124211220733214,"Carex caryophyllea","Carex"
"Carex digitata",-1.2875632049385,1.04066924566699,-0.472389345103194,-0.361598559911789,0.175254132888165,"Carex digitata","Carex"
"Carex distans",-0.628097503376397,1.31560205675992,-0.545671304121062,-0.675917764267836,0.172971361668005,"Carex distans","Carex"
"Carex divulsa",-0.325118108671941,-1.51403754752205,0.0315783252654108,0.206303916681103,0.216709096620041,"Carex divulsa","Carex"
"Carex echinata",-0.415796966428953,1.80615668167203,-0.481487729229612,-0.779790555734399,-0.142809407102584,"Carex echinata","Carex"
"Carex elata",0.802893610036897,1.64532206792969,0.988307480400897,0.55133473720287,-0.135899280649937,"Carex elata","Carex"
"Carex extensa",-1.00204132567125,1.45634354147472,-0.627582906535561,-1.18585242011661,0.103773835276469,"Carex extensa","Carex"
"Carex flacca",-0.325118108671941,1.55797139117584,-0.0672268683273803,-0.213912784049579,0.00579791040129865,"Carex flacca","Carex"
"Carex hirta",0.143427908474797,1.20134001249098,0.319602924819095,0.313458901728431,0.49553530402377,"Carex hirta","Carex"
"Carex pallescens",-0.166181533250523,0.945938420765703,-0.506428245165101,-0.312915481929207,0.106675231389201,"Carex pallescens","Carex"
"Carex pendula",0.243668735133147,1.29375233342614,1.64680996101049,1.36577240194442,-0.157849241085503,"Carex pendula","Carex"
"Carex pilulifera",-1.2875632049385,1.51799971509468,-0.686196805774897,-0.80211399403827,0.0966205420038111,"Carex pilulifera","Carex"
"Carex pseudocyperus",-0.0956746232920653,1.35536528849246,0.696905263059603,0.731935892320645,-0.153345190202377,"Carex pseudocyperus","Carex"
"Carex punctata",-0.967440861801609,1.48509156538999,-0.19490982171273,-0.119954855321365,0.00537715650408544,"Carex punctata","Carex"
"Carex remota",0.143427908474797,0.837408807950645,-0.573679958135998,-0.579880851656698,-0.476032181452995,"Carex remota","Carex"
"Carex riparia",0.949553784195631,1.50693965480676,1.71881120389805,1.42673661576543,0.329060650286659,"Carex riparia","Carex"
"Carex rostrata",0.243668735133147,0.750922178924421,0.332879113235392,0.115507742956055,0.0781364410163631,"Carex rostrata","Carex"
"Carex spicata",-0.325118108671941,0.791248685018272,-0.452193937210229,-0.569439226749026,0.416489227773199,"Carex spicata","Carex"
"Carex strigosa",0.455969272080591,-0.377219748259042,0.327512756022388,0.489385139319661,-0.289006101672474,"Carex strigosa","Carex"
"Carex sylvatica",0.0890469421514717,1.4853380483241,-0.147233936807192,-0.17979286310151,0.242962511018272,"Carex sylvatica","Carex"
"Carex vesicaria",0.334347592890158,1.45318550448511,0.465645416036376,0.132905510070858,0.157041469433712,"Carex vesicaria","Carex"
"Carlina acaulis",-0.211138301066594,-0.0297659143022867,1.1572849540427,0.760920405508825,0.673780678180557,"Carlina acaulis","Carlina"
"Carpinus betulus",3.64642690621187,0.886059785671154,0.231950197057354,0.460464308690672,1.79020529977682,"Carpinus betulus","Carpinus"
"Carthamus tinctorius",0.722988993590714,-0.636736955376803,0.623732955312401,0.375032946206772,1.56496852135608,"Carthamus tinctorius","Carthamus"
"Centaurea calcitrapa",-0.0956746232920653,-0.297545201387362,0.30806184071195,0.297964350345089,0.398980732147145,"Centaurea calcitrapa","Centaurea"
"Centaurea nigra",0.0890469421514717,-0.488797919350814,0.609463153081005,0.680911347776539,0.437219512728666,"Centaurea nigra","Centaurea"
"Centaurea solstitialis",0.478533362800357,-0.0233866483088474,-0.0491621147781302,0.00582446453685762,0.248139216468424,"Centaurea solstitialis","Centaurea"
"Centaurium erythraea",-0.958983847030334,0.897850091337709,-0.610672120531027,-0.704102039287558,-2.09412934282515,"Centaurium erythraea","Centaurium"
"Centaurium pulchellum",-1.72212675622192,-0.0152896308257858,-2.56660358940037,-2.13597268265305,-2.09255793541792,"Centaurium pulchellum","Centaurium"
"Centranthus ruber",0.107521462385979,-0.778663287711026,0.600648545467311,0.626768261895317,0.331840667788259,"Centranthus ruber","Centranthus"
"Cephalanthera damasonium",-0.0956746232920653,-0.293775666871139,0.166215778605975,0.278002835803743,-2.54408775683305,"Cephalanthera damasonium","Cephalanthera"
"Cerastium glomeratum",-0.934054703007189,-0.473291511124703,-0.885213115376788,-0.891103977902273,-1.40844928452821,"Cerastium glomeratum","Cerastium"
"Cerastium pumilum",-2.04726973315894,-1.15238749495252,-2.00709868224428,-2.01250045213251,-1.30437884228093,"Cerastium pumilum","Cerastium"
"Cerastium semidecandrum",-1.77356673752244,-0.0159634423583266,-1.6138554873417,-1.79574117173497,-1.5841708569023,"Cerastium semidecandrum","Cerastium"
"Chaerophyllum bulbosum",0.748512643713571,0.942313921244975,1.25816828798546,1.11520346660614,0.362213468648114,"Chaerophyllum bulbosum","Chaerophyllum"
"Chaerophyllum temulum",0.227678310036423,0.78448673787558,1.50830866661028,1.62189134650792,0.48189592535144,"Chaerophyllum temulum","Chaerophyllum"
"Chelidonium majus",0.178028372344437,0.0151421716291495,0.909898243727568,1.20327511311126,-0.145904666176583,"Chelidonium majus","Chelidonium"
"Chenopodium album",0.211414531138857,-0.321678668552643,0.666740715307827,0.488085182683649,-0.210357666055904,"Chenopodium album","Chenopodium"
"Chondrilla juncea",0.243668735133147,0.413663212749134,-0.264218317292392,-0.608531659572928,-0.192878191472512,"Chondrilla juncea","Chondrilla"
"Cichorium intybus",0.455969272080591,-0.825420517682191,1.33498900526968,1.54335543274338,0.274823357070458,"Cichorium intybus","Cichorium"
"Circaea lutetiana",-0.216267197030858,0.113222988384589,0.281843835919917,0.541362448035406,0.279474517109553,"Circaea lutetiana","Circaea"
"Cirsium arvense",0.762402056773662,-0.716944663797894,0.792750345576589,0.741562494000786,0.103970805126264,"Cirsium arvense","Cirsium"
"Cirsium vulgare",0.802893610036897,-0.734641994379871,1.50166072514463,1.29810118178726,0.434036805167047,"Cirsium vulgare","Cirsium"
"Clematis vitalba",3.75329777989109,0.66421652037037,0.769356446169592,0.942036910197558,0.459117496655643,"Clematis vitalba","Clematis"
"Clinopodium vulgare",-0.0300342605033554,0.879001723628822,0.0596827480279271,0.0550989726215404,-0.411495356715053,"Clinopodium vulgare","Clinopodium"
"Conium maculatum",1.59762524301655,0.375668240754732,1.88764370707606,2.14295028881092,0.409124286149961,"Conium maculatum","Conium"
"Convolvulus arvensis",-0.369015246843714,-0.192575950384269,0.0117027427211927,0.08899649449486,1.21041280811124,"Convolvulus arvensis","Convolvulus"
"Coriandrum sativum",0.164338813900621,-0.757114813341536,-0.255452125856093,0.108408043623373,1.1185784634814,"Coriandrum sativum","Coriandrum"
"Cornus mas",2.09502301834168,0.417776614797458,0.235856633922815,0.362283331941672,2.96889606265418,"Cornus mas","Cornus"
"Crataegus laevigata",2.60782854574504,1.68997183813355,-0.0309560645018379,-0.139883992424286,2.69584892061011,"Crataegus laevigata","Crataegus"
"Crepis biennis",0.376639350848065,-0.89482201718908,0.788694423078115,0.983122328017712,0.12752421822589,"Crepis biennis","Crepis"
"Crepis capillaris",-0.325118108671941,-1.03576854775594,0.133412882783427,0.270844374580183,-0.738984658868502,"Crepis capillaris","Crepis"
"Crepis vesicaria",0.0548609448086571,-0.275326003177619,0.218445080787977,0.0677446871952322,-0.459016364706298,"Crepis vesicaria","Crepis"
"Crithmum maritimum",-0.516037793087302,-1.86586459181229,-0.240145705847972,-0.670456567715949,0.355880623589706,"Crithmum maritimum","Crithmum"
"Cruciata laevipes",-0.296715763774127,0.603887763785449,-1.31493103717657,-1.25018124033907,0.716426271164591,"Cruciata laevipes","Cruciata"
"Cymbalaria muralis",-0.415796966428953,-2.0765196275314,-0.155768853605559,-0.0436501055755409,-1.00707633079464,"Cymbalaria muralis","Cymbalaria"
"Cynodon dactylon",-1.19688434718148,0.504859717601149,-1.06067066835612,-1.112704145749,-0.94752668871871,"Cynodon dactylon","Cynodon"
"Cynosurus cristatus",0.32856394044516,0.764779391012155,-0.624222682358424,-0.533162674502178,-0.290514134698364,"Cynosurus cristatus","Cynosurus"
"Cyperus longus",0.35149054132259,0.701202498508938,0.168986599496453,0.14362849978084,-1.3281560486717,"Cyperus longus","Cyperus"
"Dactylis glomerata",0.151847502337208,0.92502982915021,0.114529027418262,0.223121389560671,-0.0459135673271091,"Dactylis glomerata","Dactylis"
"Danthonia decumbens",-1.2875632049385,1.6029386341342,-0.507287889724124,-0.488363497192866,0.179651040082267,"Danthonia decumbens","Danthonia"
"Daphne laureola",0.597177237064454,1.06247448584529,0.71011964781368,0.247927326139047,2.22468286889797,"Daphne laureola","Daphne"
"Daphne mezereum",0.645157549471651,0.0151421716291495,-0.253926964755332,-0.543061761213166,1.81355344333042,"Daphne mezereum","Daphne"
"Datura stramonium",1.2061138313997,-0.900151132973175,1.42716380779178,1.45135428135925,1.0548495909881,"Datura stramonium","Datura"
"Deschampsia cespitosa",0.105690070295402,1.59237657080454,-0.10262763410092,-0.540839219842557,-0.747829318972117,"Deschampsia cespitosa","Deschampsia"
"Digitalis lutea",-0.2423347974508,-0.20525975499162,0.712148720027616,0.711850869030283,-1.10642329733241,"Digitalis lutea","Digitalis"
"Digitaria ischaemum",-0.840398040323841,-0.307999461459672,-0.853237669554342,-1.14256682962833,-0.14074435638735,"Digitaria ischaemum","Digitaria"
"Digitaria sanguinalis",-0.676898348734221,-0.228306586796544,-0.774093412961866,-0.628227301351856,-0.0160205727815625,"Digitaria sanguinalis","Digitaria"
"Diplotaxis muralis",-0.782719296358072,-0.752540295106979,-0.0807547546217266,-0.154220058911319,-0.751890388274814,"Diplotaxis muralis","Diplotaxis"
"Diplotaxis tenuifolia",-0.0956746232920653,-1.31858152371466,0.530414838943337,0.466839731452197,-0.606173760720158,"Diplotaxis tenuifolia","Diplotaxis"
"Dipsacus fullonum",0.802893610036897,-0.278830380070076,1.68859830375309,1.70808422519954,0.476910244975762,"Dipsacus fullonum","Dipsacus"
"Drosera intermedia",-2.28637226492581,-0.132536167402349,-1.95309286242137,-1.99317321164758,-1.70380553254441,"Drosera intermedia","Drosera"
"Drosera rotundifolia",-1.47058734281799,-0.847728793820874,-1.47264776354494,-1.26769054452781,-1.93993735695098,"Drosera rotundifolia","Drosera"
"Echinochloa crus-galli",0.376639350848065,0.0617607011734045,0.333444689155052,0.45955441619013,0.405513953579302,"Echinochloa crus-galli","Echinochloa"
"Echium vulgare",0.107521462385979,-0.710500839556515,0.992127120717223,0.825833009971279,0.519274351258429,"Echium vulgare","Echium"
"Eleocharis multicaulis",-0.2423347974508,1.12095694267568,-0.283776953840952,-0.903741406790221,-0.253641148381672,"Eleocharis multicaulis","Eleocharis"
"Eleusine indica",-1.2875632049385,0.48531405731813,-0.614140686052418,-0.631888392068407,-0.378253818137895,"Eleusine indica","Eleusine"
"Elymus repens",0.629431441058744,1.0298942586803,0.387914396204187,0.481770682520081,0.413763333477907,"Elymus repens","Elymus"
"Epilobium hirsutum",0.934330933079448,0.305572846375235,0.599767801390035,0.578120006641517,-0.988788003534484,"Epilobium hirsutum","Epilobium"
"Epilobium montanum",-0.0956746232920653,0.565475950856552,0.422852318334036,0.441086870095068,-0.992853059153316,"Epilobium montanum","Epilobium"
"Epilobium parviflorum",0.107521462385979,-0.387272766474732,-0.236999540924319,-0.105485320102038,-1.21705651668771,"Epilobium parviflorum","Epilobium"
"Eragrostis minor",-1.07526266799105,0.65443082664589,-1.30616531046813,-1.10438914198492,-1.14643848053349,"Eragrostis minor","Eragrostis"
"Erodium cicutarium",0.417130904111299,0.21977290200064,0.209482924053864,0.320783071488288,0.163380084508321,"Erodium cicutarium","Erodium"
"Erodium moschatum",0.0890469421514717,-1.21633287597537,1.04782747228059,1.1622091786575,0.00121962370764238,"Erodium moschatum","Erodium"
"Eryngium campestre",-0.303737256139857,0.645219257685169,2.25820224737287,1.86180570098787,0.150261056637082,"Eryngium campestre","Eryngium"
"Eryngium maritimum",-0.216267197030858,-0.822486224776116,1.45712137063902,1.02797377129968,1.53785046490244,"Eryngium maritimum","Eryngium"
"Eupatorium cannabinum",0.903134436695246,0.227658236865973,0.995112806993982,1.01280414938556,-0.533469449211654,"Eupatorium cannabinum","Eupatorium"
"Euphorbia amygdaloides",-0.0492552757916798,1.15363469396471,-0.553139408715291,-0.588695281009683,0.685899380161633,"Euphorbia amygdaloides","Euphorbia"
"Euphorbia dulcis",-0.2423347974508,0.670249266983849,-0.596066927611983,-0.432576881020934,0.359430971642512,"Euphorbia dulcis","Euphorbia"
"Euphorbia esula",0.0890469421514717,0.478187165657637,-1.2548483718966,-1.13420010486848,0.59879655318817,"Euphorbia esula","Euphorbia"
"Euphorbia exigua",-1.12740765702838,0.368803668459986,-1.82900657400841,-1.86644379216861,-0.573628186887462,"Euphorbia exigua","Euphorbia"
"Euphorbia helioscopia",-0.628097503376397,0.156432785071953,-0.571287327525923,-0.387873319024508,0.426670521755137,"Euphorbia helioscopia","Euphorbia"
"Euphorbia palustris",0.879046874237174,1.48336554549573,-0.145100695762697,-0.229788942484034,1.07608777807684,"Euphorbia palustris","Euphorbia"
"Euphorbia peplus",-0.801559672354548,-0.12402557556731,-1.57711710468083,-1.31724093517758,-0.340326966596706,"Euphorbia peplus","Euphorbia"
"Fallopia convolvulus",0.546648129837603,0.201171526341883,0.053821595091972,-0.241375469046244,0.668422966208213,"Fallopia convolvulus","Fallopia"
"Fallopia dumetorum",1.50119767956829,0.390005813728129,0.387695498653027,0.252087066489477,0.585270426609664,"Fallopia dumetorum","Fallopia"
"Filago pyramidata",-0.917790924109624,1.09806002280651,-1.91257351302345,-1.78549939912195,-1.43369084271512,"Filago pyramidata","Filago"
"Filipendula vulgaris",-0.166181533250523,1.23573729308845,0.643205302433473,0.693083909966194,-0.116552705242103,"Filipendula vulgaris","Filipendula"
"Foeniculum vulgare",1.45572926457813,0.624780355445699,1.66266552952953,1.21569674289339,0.476091360481933,"Foeniculum vulgare","Foeniculum"
"Fragaria vesca",-1.21140994073822,1.96517563531596,0.610240347269885,0.48886000919328,1.43329426486786,"Fragaria vesca","Fragaria"
"Frangula alnus",2.18746537594981,0.858286502779569,0.345794377540532,0.00763908293632852,2.31927890830133,"Frangula alnus","Frangula"
"Fumaria officinalis",0.417130904111299,-0.884796045091278,-0.869235141916942,-0.674422752068934,0.540325909561755,"Fumaria officinalis","Fumaria"
"Galanthus nivalis",-0.967440861801609,-1.56833240641148,0.0814967053739229,0.206228470238207,0.888841849771963,"Galanthus nivalis","Galanthus"
"Galega officinalis",0.802893610036897,-0.992417600194335,0.860376242183885,1.18931911603485,1.00485007327138,"Galega officinalis","Galega"
"Galium aparine",0.575050474735418,-0.748258812277814,-0.984141998405109,-0.939176863584454,1.07623954796889,"Galium aparine","Galium"
"Galium mollugo",0.243668735133147,-0.23995762584448,-1.42810539216666,-1.307281711119,-0.150930383294521,"Galium mollugo","Galium"
"Galium palustre",0.111173704480508,-0.0607185007925916,-2.01666201321208,-1.78753196643695,-0.0469269175836058,"Galium palustre","Galium"
"Galium parisiense",-0.634062462710421,0.202502139938736,-2.14058408269648,-2.24880194649565,-0.646062720073623,"Galium parisiense","Galium"
"Galium rotundifolium",-0.901800499012899,-0.741802053520057,-1.52546539593355,-1.14196480212135,-0.0233322738429483,"Galium rotundifolium","Galium"
"Galium verum",-0.00912335507753296,0.55150115192437,-1.97546153091283,-2.17389833926421,-0.328350397538891,"Galium verum","Galium"
"Genista pilosa",-0.548291997081591,1.84300670402445,-1.60624043138603,-2.02894927968305,0.469720725655459,"Genista pilosa","Genista"
"Genista tinctoria",0.267161481756101,0.773774882594877,-0.839845592601404,-1.03474686269217,0.609513842097645,"Genista tinctoria","Genista"
"Geranium columbinum",-0.354394507739894,0.980226560653873,-0.338868802524655,-0.2797815334424,0.609736458873313,"Geranium columbinum","Geranium"
"Geranium dissectum",-0.354394507739894,0.66421652037037,0.0785177994249903,0.0648784038462793,0.450709107403755,"Geranium dissectum","Geranium"
"Geranium lucidum",-0.66858905663963,0.113222988384589,-0.0530659685707361,-0.00911908182661896,-0.149158266343548,"Geranium lucidum","Geranium"
"Geranium molle",-0.71088081459754,0.0175199229664227,-0.201969146180563,-0.154841445129033,0.0385761174429759,"Geranium molle","Geranium"
"Geranium pusillum",-0.71088081459754,0.22326204685753,0.316320269417484,0.366229150014892,-0.108109005827014,"Geranium pusillum","Geranium"
"Geranium robertianum",-0.551944239176118,0.00322145110170304,0.0173069962051385,0.133771386200609,0.177989030202204,"Geranium robertianum","Geranium"
"Geranium sanguineum",-0.551944239176118,0.889299192737935,0.184257986746851,0.10852148403845,1.08781409626942,"Geranium sanguineum","Geranium"
"Geranium sylvaticum",-0.318223818378366,0.43544701577204,0.430356520424002,0.36362148029682,0.860049103654509,"Geranium sylvaticum","Geranium"
"Geum urbanum",-0.0514151130354382,1.29816309242221,0.678263585898989,0.68106524492494,0.342478298429629,"Geum urbanum","Geum"
"Glaucium flavum",0.23889976325678,-0.612415663334541,0.989254473210776,0.877435639260959,-0.035169684007765,"Glaucium flavum","Glaucium"
"Glechoma hederacea",-0.342575624109149,-0.39281260706964,-0.324673139958994,-0.0397335695050607,-0.194741342811844,"Glechoma hederacea","Glechoma"
"Glyceria fluitans",0.243668735133147,1.07678499547287,-0.165541851347437,0.0860855100441523,0.0854935513165311,"Glyceria fluitans","Glyceria"
"Glyceria maxima",1.15274986987368,0.77999300785247,1.03475558461114,1.23862594707069,-0.270325094196998,"Glyceria maxima","Glyceria"
"Gratiola officinalis",-0.325118108671941,0.0487557738137337,-0.960341478076665,-0.947723769911497,-1.76535532508997,"Gratiola officinalis","Gratiola"
"Helianthemum nummularium",-1.16290188131817,0.940197348507169,-0.998189996221185,-1.36618348190766,0.0402740617928477,"Helianthemum nummularium","Helianthemum"
"Helleborus foetidus",-0.130275087161705,-0.0688078008533985,1.24716920699089,1.17329250970166,1.16474373348137,"Helleborus foetidus","Helleborus"
"Helleborus viridis",-0.384600470044748,0.641753159676926,2.08116910487557,1.77695325587623,1.06118594589704,"Helleborus viridis","Helleborus"
"Herniaria hirsuta",-1.31165076739657,0.333959506382864,-2.20239510805913,-2.22874698683773,-1.38324733533538,"Herniaria hirsuta","Herniaria"
"Hieracium murorum",-1.00204132567125,-1.06755430602621,0.47671512630025,0.769874020655236,-0.441134829807317,"Hieracium murorum","Hieracium"
"Hieracium sabaudum",0.690833899747801,-1.34224294568934,-0.0356085886049491,0.287713902972885,-0.363639474225428,"Hieracium sabaudum","Hieracium"
"Hippocrepis comosa",-0.820780687642876,0.609602025253734,-0.429883388266852,-0.779385906776726,0.632719666864291,"Hippocrepis comosa","Hippocrepis"
"Holcus lanatus",-0.166181533250523,0.575256279141775,-0.304618153519203,0.0110770899349862,-0.432907416182916,"Holcus lanatus","Holcus"
"Holcus mollis",-0.325118108671941,0.4060335403076,-0.141134728302009,0.0543456173101806,-0.507415981700936,"Holcus mollis","Holcus"
"Hordeum murinum",-0.218842050827845,0.163416722538269,-0.605424668719697,-0.319683950595517,1.06720543883546,"Hordeum murinum","Hordeum"
"Hordeum secalinum",-0.166181533250523,0.686491900946858,-0.519398259240793,-0.369652746643024,0.624201136194208,"Hordeum secalinum","Hordeum"
"Hordeum vulgare",0.910243370621379,-0.149867193722916,0.692827422950944,0.472763919717879,1.77964244645497,"Hordeum vulgare","Hordeum"
"Hornungia petraea",-1.7474991371025,-0.691820815913666,-2.01942220227296,-2.23345353458611,-1.26898674981345,"Hornungia petraea","Hornungia"
"Hottonia palustris",0.0313681981857021,-3.66960613781607,-1.60220677161288,-0.973629053393211,-0.963113343378393,"Hottonia palustris","Hottonia"
"Humulus lupulus",2.5250452345239,1.21308275255903,1.2122534541517,1.10829764383579,0.677206105163345,"Humulus lupulus","Humulus"
"Hydrocotyle vulgaris",-0.570418759410627,-1.08516905220319,-0.341741442347799,-0.197284887698279,-0.491697782355882,"Hydrocotyle vulgaris","Hydrocotyle"
"Hypericum elodes",-0.850360517712375,0.344574235159619,-1.1681469234951,-1.16157753078778,-1.244909899466,"Hypericum elodes","Hypericum"
"Hypericum humifusum",-1.37468095599041,1.04813503763287,-1.66551684308645,-1.64083929061838,-1.46902659159876,"Hypericum humifusum","Hypericum"
"Hypericum montanum",-0.0956746232920653,1.03916385635198,-0.400701696413025,-0.403153582000903,-1.31623450686006,"Hypericum montanum","Hypericum"
"Hypericum perforatum",-0.0732875222290808,1.30696274488247,-0.76826838504424,-0.987240708241176,-1.02465938844376,"Hypericum perforatum","Hypericum"
"Hypericum tetrapterum",-0.0732875222290808,0.181132090831831,-0.928344896255818,-0.767783620927987,-1.52342651907812,"Hypericum tetrapterum","Hypericum"
"Hypochaeris glabra",-0.768829883297981,-1.56600478595657,-0.583129458874625,-0.450092644034244,-0.228102159698787,"Hypochaeris glabra","Hypochaeris"
"Iberis umbellata",-0.435017981717277,-0.574385418894645,-0.440672692917666,-0.350686620184801,0.26523542157997,"Iberis umbellata","Iberis"
"Iris pseudacorus",0.629431441058744,-0.0665501295683926,1.79185003229922,1.63558051616894,1.84491037075651,"Iris pseudacorus","Iris"
"Isatis tinctoria",0.493284168311577,-0.485494164441821,0.457300528420681,0.226899039163237,0.700708219972431,"Isatis tinctoria","Isatis"
"Jasione montana",-0.901800499012899,0.331045695738685,-1.89079718252373,-1.72607370927589,-1.70114001830452,"Jasione montana","Jasione"
"Juncus acutiflorus",0.290088082633532,0.454876973902191,0.748729779986181,0.123286229011785,-1.87853274990292,"Juncus acutiflorus","Juncus"
"Juncus articulatus",-0.166181533250523,0.240180481967583,0.138181311952202,-0.355909928372078,-1.86435511815229,"Juncus articulatus","Juncus"
"Juncus bulbosus",-1.38780403159685,0.556076979725182,-1.63327305925703,-1.90961750964719,-1.86862426109488,"Juncus bulbosus","Juncus"
"Juncus conglomeratus",0.590593073089452,1.1362689842109,1.27101384359904,0.488749389087301,-1.92609201328095,"Juncus conglomeratus","Juncus"
"Juncus effusus",0.802893610036897,0.978736278383866,1.35188810821443,0.692255945551439,-1.91343518495956,"Juncus effusus","Juncus"
"Juncus inflexus",0.143427908474797,1.47224289966145,1.44327634745576,0.448837740355141,-1.24203560910948,"Juncus inflexus","Juncus"
"Juncus maritimus",0.493284168311577,2.0839190120665,1.20924171796539,0.0723796762821899,-1.60573371709535,"Juncus maritimus","Juncus"
"Juncus subnodulosus",0.597177237064454,0.0505873350994296,1.28825388777665,0.414526488068106,-2.00672884042251,"Juncus subnodulosus","Juncus"
"Juncus tenageia",-1.15459258922358,-0.854151209621036,-1.90156826170162,-1.86644379216861,-1.9858868137584,"Juncus tenageia","Juncus"
"Juncus tenuis",0.0490419181227111,-1.40063224025322,-0.512868146371157,-0.653924070776201,-1.91621335943977,"Juncus tenuis","Juncus"
"Knautia arvensis",0.107521462385979,-0.0256079907535493,0.639565932510812,0.585236406708482,0.679415149025603,"Knautia arvensis","Knautia"
"Lactuca perennis",-0.415796966428953,-0.744079121618777,0.512624445364153,0.47605953850573,0.2120035156749,"Lactuca perennis","Lactuca"
"Lactuca serriola",0.529190614400395,0.0786075143032791,1.16451699399439,0.974838370080605,-0.293836361180253,"Lactuca serriola","Lactuca"
"Lactuca virosa",0.751306795199961,-0.17596214332801,1.0295078047793,1.08583409531733,-0.0870797702230615,"Lactuca virosa","Lactuca"
"Lamium amplexicaule",-1.013860209302,-0.845065569541609,-0.783711823195883,-0.920898473354552,-0.263813857326298,"Lamium amplexicaule","Lamium"
"Lamium maculatum",-0.0300342605033554,0.160940648037646,0.0846889179611634,0.193993261786502,0.226706325599065,"Lamium maculatum","Lamium"
"Lamium purpureum",-0.516037793087302,-0.752064234577213,-0.636502265483149,-0.301969102467889,-0.171477198250589,"Lamium purpureum","Lamium"
"Lapsana communis",0.243668735133147,-1.00767443531009,0.461211398303037,0.875307488745889,0.00866455345454871,"Lapsana communis","Lapsana"
"Lathyrus latifolius",1.56260013825734,0.454876973902191,1.211530045973,1.05836097500156,1.84888542270211,"Lathyrus latifolius","Lathyrus"
"Lathyrus nissolia",-0.0300342605033554,0.215418819663435,0.158709330886324,0.0134080402943128,1.06396697658912,"Lathyrus nissolia","Lathyrus"
"Lathyrus odoratus",0.690833899747801,0.208680770678604,0.392829173719882,0.507817731365451,2.06286300140098,"Lathyrus odoratus","Lathyrus"
"Lathyrus pratensis",0.362749937787974,1.03592357299986,-0.882767833522608,-0.949115316403237,1.21145295874377,"Lathyrus pratensis","Lathyrus"
"Lathyrus vernus",-0.396956590432475,0.175729071009508,0.607299927659547,0.808822429124306,1.33685058986686,"Lathyrus vernus","Lathyrus"
"Legousia speculum-veneris",-0.768829883297981,-0.774243613262245,-1.53593029828051,-1.17293755704084,-0.788396564757102,"Legousia speculum-veneris","Legousia"
"Leontodon hispidus",-0.474665714173729,-0.753054536126434,0.284117943004205,0.463291834095049,0.050520877134143,"Leontodon hispidus","Leontodon"
"Lepidium campestre",-0.266422359908872,0.290106944329046,-0.427838384109924,-0.437007728093818,0.371231389702757,"Lepidium campestre","Lepidium"
"Leucanthemum vulgare",-0.0583597270610798,-0.952360394172913,-0.194135509613899,-0.185559568112525,-0.461434190869868,"Leucanthemum vulgare","Leucanthemum"
"Leucojum aestivum",0.194867889775323,-2.15533977554979,1.02254661449664,1.08757213563178,1.8396652827545,"Leucojum aestivum","Leucojum"
"Leucojum vernum",-1.2875632049385,-2.07745928481423,0.445529372583872,0.63825744796701,1.19272699631841,"Leucojum vernum","Leucojum"
"Levisticum officinale",1.0765966056734,0.147394092363222,2.09740644256276,2.25769040602116,0.158010211233753,"Levisticum officinale","Levisticum"
"Lilium bulbiferum",0.417130904111299,-0.738390099480928,-0.200265719936778,-0.383259057705877,0.959115559561505,"Lilium bulbiferum","Lilium"
"Linaria vulgaris",0.0702065661549947,0.0541060301855964,-0.985702248080622,-1.1646107498661,-0.838748133702537,"Linaria vulgaris","Linaria"
"Linum usitatissimum",0.143427908474797,-0.336107038812084,-1.91536261993095,-1.65809804663992,0.777644982775347,"Linum usitatissimum","Linum"
"Logfia minima",-1.07526266799105,1.8184001332983,-2.67956368013682,-2.62881788320937,-1.76521011290007,"Logfia minima","Logfia"
"Lolium multiflorum",-0.166181533250523,0.950261226071654,-0.199760125895314,-0.238454981027881,0.510977126517641,"Lolium multiflorum","Lolium"
"Lolium perenne",-1.07526266799105,0.386211388203582,-0.510078158733635,-0.455769631002376,0.325231549996587,"Lolium perenne","Lolium"
"Lonicera caprifolium",2.41027881430882,0.801855190846761,0.318423488789782,0.285485520570308,0.998923171744458,"Lonicera caprifolium","Lonicera"
"Lotus corniculatus",0.0983290440417376,0.00799614735064365,-1.10352119099635,-1.04542861258935,0.161248255295097,"Lotus corniculatus","Lotus"
"Lotus pedunculatus",-0.369377618928567,0.303182895965781,-0.456506898005948,-0.328737360039496,0.733939164094507,"Lotus pedunculatus","Lotus"
"Ludwigia palustris",-1.11410103596034,0.269917870136695,-0.859915240597953,-0.688808969603792,-1.48963048364353,"Ludwigia palustris","Ludwigia"
"Lunaria annua",0.143427908474797,-1.27500712423856,0.88042459250824,1.12097377687961,1.4099502366698,"Lunaria annua","Lunaria"
"Luzula campestris",-0.342575624109149,0.749406109796294,-1.12468612698839,-1.35906396685838,-0.188688909447311,"Luzula campestris","Luzula"
"Luzula pilosa",-0.901800499012899,0.549954668133396,-0.206512571398615,-0.190059076969885,-0.0158227149406112,"Luzula pilosa","Luzula"
"Lycopus europaeus",0.362749937787974,-1.54155879440488,-0.153298795955131,0.342294305274644,-0.700150655184678,"Lycopus europaeus","Lycopus"
"Lysimachia nummularia",0.143427908474797,0.545865290150234,-0.695227464123886,-0.63913219806713,-0.334047305356873,"Lysimachia nummularia","Lysimachia"
"Lysimachia punctata",0.334347592890158,0.752220979850447,0.596503764093058,0.57961308661671,-0.390511892984386,"Lysimachia punctata","Lysimachia"
"Lysimachia vulgaris",0.798655705937244,0.715429996028731,0.440887414846216,0.520158833226317,-0.544636503055604,"Lysimachia vulgaris","Lysimachia"
"Lythrum hyssopifolia",-0.206036906017113,0.433862084230675,-2.22594454588169,-2.29345916220684,-0.530441070013361,"Lythrum hyssopifolia","Lythrum"
"Lythrum portula",-1.25636670855429,1.06815026740911,-1.73595234823361,-1.81255157206165,-1.63557540017515,"Lythrum portula","Lythrum"
"Lythrum salicaria",0.575050474735418,-0.0815800069383985,0.126293495388463,0.320745087117574,-1.17920578205556,"Lythrum salicaria","Lythrum"
"Malus sylvestris",2.60782854574504,0.782347812533432,0.817934525407712,0.592344554734481,1.516383349678,"Malus sylvestris","Malus"
"Malva alcea",0.493284168311577,-0.821313412694397,0.115012752829228,0.195558423817594,0.651735273887892,"Malva alcea","Malva"
"Malva sylvestris",0.376639350848065,-0.212401611271961,1.08828353558241,1.10942942154212,0.51945791210249,"Malva sylvestris","Malva"
"Matthiola incana",0.198200320142992,-1.17706673303007,-0.206156503496535,-0.252622599107973,0.345426555109783,"Matthiola incana","Matthiola"
"Medicago arabica",-0.216267197030858,0.0515730386637679,-0.373028753806402,-0.180900695747637,0.301189388297488,"Medicago arabica","Medicago"
"Medicago lupulina",-0.415796966428953,0.147394092363222,-0.422375143725118,-0.330467133336658,0.275296623715991,"Medicago lupulina","Medicago"
"Medicago polymorpha",-0.0622884644976447,0.503612609669613,-0.0916886920569624,-0.187473802064968,0.517108599454034,"Medicago polymorpha","Medicago"
"Melica ciliata",-0.0688726284726471,2.67609162876,-0.642974835573467,-0.814857175905839,-0.0785428267423815,"Melica ciliata","Melica"
"Melilotus officinalis",0.971940885258616,0.660485766507986,0.0830189862172207,-0.237581966592109,0.519188352488084,"Melilotus officinalis","Melilotus"
"Melittis melissophyllum",-0.2423347974508,-0.595037327042173,0.0646522877354368,0.52997200873807,0.807017310859774,"Melittis melissophyllum","Melittis"
"Mentha aquatica",-0.00912335507753296,-0.0849123251243715,0.0102900920288067,0.314651431816644,-0.98674160199925,"Mentha aquatica","Mentha"
"Mentha longifolia",0.597177237064454,0.132481109151666,0.223473428124932,0.331163951327966,-1.3205983462333,"Mentha longifolia","Mentha"
"Mentha pulegium",-0.801559672354548,-0.0896588190958491,-0.931500877640037,-0.83002014525945,-1.23165394255558,"Mentha pulegium","Mentha"
"Mentha suaveolens",0.376639350848065,-0.0507510504752516,0.180633362243711,0.235669612293012,-1.47389451039849,"Mentha suaveolens","Mentha"
"Menyanthes trifoliata",-0.746122172999515,0.116339314859,0.845080596898918,0.814254512114248,0.521764437371967,"Menyanthes trifoliata","Menyanthes"
"Mercurialis annua",-0.415796966428953,-0.304697913980681,-0.428369131424706,-0.118660671482916,0.402945954014856,"Mercurialis annua","Mercurialis"
"Mercurialis perennis",-0.551944239176118,0.508775400242185,0.377363505555127,0.363946791202094,0.821179240197011,"Mercurialis perennis","Mercurialis"
"Mespilus germanica",2.66550728971081,1.49800116353135,0.765037233609912,0.56189409467959,1.97008320069688,"Mespilus germanica","Mespilus"
"Misopates orontium",-0.113971492905709,-0.860589158432065,-0.706350225005146,-0.818515937093025,-0.890378350158798,"Misopates orontium","Misopates"
"Moehringia trinervia",-0.755140324854164,-0.0891639975598869,-1.42209491442661,-1.30182869551372,-0.75036445952837,"Moehringia trinervia","Moehringia"
"Molinia caerulea",0.675850788559129,1.83669036438923,0.180574586943474,0.160191708709549,-0.162697391721767,"Molinia caerulea","Molinia"
"Muscari botryoides",-0.901800499012899,-1.7992888101146,0.133911235926958,0.252959319091587,0.581638640572687,"Muscari botryoides","Muscari"
"Myagrum perfoliatum",-0.454635334398244,-1.28022640915196,0.024477988782515,0.128336282684096,1.4569258171639,"Myagrum perfoliatum","Myagrum"
"Myosotis arvensis",-0.495126887661478,-1.09286226341029,-0.173987029164054,-0.118908100841383,-0.591016755299251,"Myosotis arvensis","Myosotis"
"Myosotis laxa",-0.576031801634192,-1.10647700141573,-0.889300690874768,-0.565204829598472,-0.719392153048478,"Myosotis laxa","Myosotis"
"Myosotis ramosissima",-1.27183709652559,-0.624427534114302,-0.748943466963346,-0.861006092047022,-0.769360355011032,"Myosotis ramosissima","Myosotis"
"Myosotis scorpioides",-0.313655224258551,-0.69857718739417,-0.411739471639804,0.0704635161344191,-0.577119568722372,"Myosotis scorpioides","Myosotis"
"Myosotis sylvatica",-0.551944239176118,-0.636554627732285,-0.355306149935034,-0.232086052964841,-0.298671150103149,"Myosotis sylvatica","Myosotis"
"Myriophyllum spicatum",0.903134436695246,0.688930851339957,-1.18902500090674,-1.76637377549019,0.113491041042065,"Myriophyllum spicatum","Myriophyllum"
"Narcissus pseudonarcissus",-0.516037793087302,-0.796222135947018,0.426461720211559,0.330120046765799,0.84317016216301,"Narcissus pseudonarcissus","Narcissus"
"Nasturtium officinale",-0.454635334398244,-1.71130499871821,-0.15856661124,0.217980736216258,-0.790379642729451,"Nasturtium officinale","Nasturtium"
"Nigella arvensis",-0.495126887661478,-0.157318581365021,-0.803701921982847,-0.856663499518112,0.331241162168223,"Nigella arvensis","Nigella"
"Nigella damascena",0.00116223588085017,-0.0852087331693378,0.359233557005181,0.481621195467889,0.356821865514216,"Nigella damascena","Nigella"
"Nymphaea alba",-2.43303243908454,-0.0645394700111461,2.13157520219717,1.97116706597111,0.307084314320548,"Nymphaea alba","Nymphaea"
"Oenanthe aquatica",0.417130904111299,-0.816627324879464,0.841877539252301,0.867168665721319,0.488895478385367,"Oenanthe aquatica","Oenanthe"
"Oenanthe fistulosa",0.0890469421514717,-0.887299000090062,-0.503611264466413,-0.432381512578422,0.708655013156006,"Oenanthe fistulosa","Oenanthe"
"Oenanthe lachenalii",0.903134436695246,0.0772134883771633,0.334491128214707,0.114799799824092,0.196006717763555,"Oenanthe lachenalii","Oenanthe"
"Onobrychis viciifolia",-0.325118108671941,0.73313533952336,0.716984505796397,0.631657905630484,1.43906184030363,"Onobrychis viciifolia","Onobrychis"
"Orchis militaris",-0.628097503376397,-1.34319379136656,1.01028370503306,0.983165815606365,-3.31646374880859,"Orchis militaris","Orchis"
"Origanum vulgare",0.0509855508666685,0.607698634078543,-0.269579147014104,-0.328737360039496,-1.12826878319418,"Origanum vulgare","Origanum"
"Orlaya grandiflora",-0.299518145468235,-0.259929665142947,0.328344618738136,0.281532462829921,1.22332199982558,"Orlaya grandiflora","Orlaya"
"Oxalis acetosella",-1.3617364311769,-0.949932268488555,-0.832241468293756,-0.0874444018576579,-0.0204940776528184,"Oxalis acetosella","Oxalis"
"Oxalis corniculata",-0.901800499012899,-0.569580718187342,-1.37725174128672,-0.77308112133703,-0.802453340823379,"Oxalis corniculata","Oxalis"
"Papaver dubium",0.192862814434083,-0.142890944716568,0.876110108784697,0.837869866271085,-1.0249630291919,"Papaver dubium","Papaver"
"Papaver rhoeas",-0.0492552757916798,-0.691820815913666,0.725443448628248,0.877488733583926,-1.06360090269652,"Papaver rhoeas","Papaver"
"Papaver somniferum",0.563791078270034,-0.112320972982779,0.972946813141958,1.26659488661283,-0.379659102264833,"Papaver somniferum","Papaver"
"Parietaria judaica",-0.203496429481508,0.000830887451958008,-0.25077446441526,-0.0549584003344873,-0.773333645023373,"Parietaria judaica","Parietaria"
"Parietaria officinalis",0.493284168311577,-0.608714389604795,0.080819485710211,0.602233098354274,-0.454517055701384,"Parietaria officinalis","Parietaria"
"Paris quadrifolia",-0.628097503376397,-0.139107159509332,-0.0253976901257263,0.175753190827888,2.29467954568212,"Paris quadrifolia","Paris"
"Parthenocissus inserta",3.09383207832899,0.457779273784564,1.45760564707291,1.41115600044433,1.44623501546464,"Parthenocissus inserta","Parthenocissus"
"Pastinaca sativa",0.417130904111299,-0.529349839883105,1.14615985599574,1.45759026247657,0.652121854118288,"Pastinaca sativa","Pastinaca"
"Petasites albus",0.0890469421514717,-1.13510790926542,1.58953891305103,1.6943159449465,-0.698432307230975,"Petasites albus","Petasites"
"Petasites hybridus",0.376639350848065,0.221061226190543,2.65850223779869,2.6427933991748,-0.705914491414479,"Petasites hybridus","Petasites"
"Petrorhagia prolifera",0.00116223588085017,0.586479083927721,-1.25358565828822,-1.47857643738462,-0.504379472309577,"Petrorhagia prolifera","Petrorhagia"
"Phacelia tanacetifolia",0.376639350848065,-0.913976031459027,0.560216824369531,0.629722298569377,0.0856937199060565,"Phacelia tanacetifolia","Phacelia"
"Phalaris arundinacea",1.25664293862655,0.930095277767441,0.594138469587765,0.669397008632652,-0.206194573526127,"Phalaris arundinacea","Phalaris"
"Phleum pratense",-0.0402371239370319,1.05990059413737,-0.70392877334066,-0.485569384453724,-0.256449875077922,"Phleum pratense","Phleum"
"Phragmites australis",1.77490067520479,2.0668049067317,1.09825340234997,1.05143990058936,-0.964947763823024,"Phragmites australis","Phragmites"
"Picris hieracioides",0.474809648077069,-0.040354388835803,0.336883775037896,0.474065976312796,0.0478142644888174,"Picris hieracioides","Picris"
"Pinus sylvestris",4.2720311015316,1.27260548965766,-0.659785194602744,-1.41289698053171,0.970142429936496,"Pinus sylvestris","Pinus"
"Plantago coronopus",-2.25298610613139,-1.57429003320984,-0.696545192871104,-0.859063032489033,-0.862657653651284,"Plantago coronopus","Plantago"
"Plantago lanceolata",-0.832994050449528,-0.280404868854502,0.370783278699059,0.525913859579291,0.229151779675531,"Plantago lanceolata","Plantago"
"Plantago major",-0.0428050280527041,-1.46381167170211,1.64051394632469,1.84444150571272,-0.633615698907085,"Plantago major","Plantago"
"Plantago media",-0.773437194467805,-0.648737223116202,1.01871007944661,0.860348834104736,-0.459383871126394,"Plantago media","Plantago"
"Poa annua",-1.44218499792017,0.700319944745593,-1.27431880185309,-1.02061475133691,-0.720031925345122,"Poa annua","Poa"
"Poa bulbosa",-1.19688434718148,0.394424099094725,-1.97779149851982,-2.16011009503555,-0.435989148336552,"Poa bulbosa","Poa"
"Poa compressa",-0.0300342605033554,1.11891495149856,-0.854184372240649,-0.911471224879986,-0.762918415245897,"Poa compressa","Poa"
"Poa nemoralis",0.243668735133147,1.44393919763672,-0.761706942528656,-0.302953134693588,-0.819710817944459,"Poa nemoralis","Poa"
"Poa palustris",0.711421581831878,1.56983683141937,-1.73201694397429,-1.50897454453886,-0.895329505799403,"Poa palustris","Poa"
"Poa pratensis",-0.2423347974508,1.35562408059621,-0.0535975523090964,0.0398243614139588,-0.625166805775587,"Poa pratensis","Poa"
"Polygala vulgaris",-1.88562644781154,0.468193403715908,-1.41297583777315,-1.52319511358008,0.266311942511479,"Polygala vulgaris","Polygala"
"Polygonatum multiflorum",0.132797542047058,-0.596563512867234,0.0985844053030346,0.403790530678723,2.1810962415802,"Polygonatum multiflorum","Polygonatum"
"Polygonatum odoratum",-0.2423347974508,-0.275326003177619,0.394946861713742,0.460809634950371,2.67507115057852,"Polygonatum odoratum","Polygonatum"
"Polygonatum verticillatum",0.0777875456860875,-0.607000908731286,-0.25016010602828,0.0283361109663559,2.01266524909334,"Polygonatum verticillatum","Polygonatum"
"Polygonum aviculare",1.02570704839591,0.299166363270605,-0.566070941792335,-0.511995470040924,0.28598107226496,"Polygonum aviculare","Polygonum"
"Populus nigra",3.96559831683853,1.32416977774937,0.910561116253929,0.569000715188721,-0.108490596044769,"Populus nigra","Populus"
"Populus tremula",3.72921021743301,1.83754220645216,0.719973788620373,0.514722546405512,-1.10642329733241,"Populus tremula","Populus"
"Portulaca oleracea",-0.801559672354548,-1.41647035818764,-1.69631305655401,-1.91131284350388,-0.524922026722682,"Portulaca oleracea","Portulaca"
"Potentilla erecta",-0.801559672354548,1.3153539399088,-0.98074518960234,-0.983064481579711,-0.351505622343418,"Potentilla erecta","Potentilla"
"Potentilla reptans",-0.0732875222290808,0.693663794697817,0.15189178836511,0.438538647956022,-0.627939204230726,"Potentilla reptans","Potentilla"
"Primula veris",-1.013860209302,0.389551181484507,0.920316038129382,0.771341191288205,-0.10659074166362,"Primula veris","Primula"
"Primula vulgaris",-1.15459258922358,-0.494553364717505,0.875567293636633,1.01037258216332,0.0599262698840794,"Primula vulgaris","Primula"
"Prunella vulgaris",-1.0880334355404,-0.321084803425677,-0.457870490553473,-0.181097973782855,-0.180343288869945,"Prunella vulgaris","Prunella"
"Prunus mahaleb",2.43436637676689,1.17928833975948,-0.0765204306427349,-0.123177867023234,2.14565077767603,"Prunus mahaleb","Prunus"
"Pulicaria dysenterica",0.143427908474797,-0.701144441715816,-0.00603872539001803,0.123065565063877,-1.159659817723,"Pulicaria dysenterica","Pulicaria"
"Radiola linoides",-2.18953540575289,0.603067713591157,-2.88481888528443,-3.01162217515218,-2.12998325492999,"Radiola linoides","Radiola"
"Ranunculus acris",-0.387674488542209,0.161616169534757,-0.03844117788696,-0.225759986107253,0.260929235708286,"Ranunculus acris","Ranunculus"
"Ranunculus arvensis",-0.216267197030858,-0.767340560263566,-0.322999861158793,-0.265338071055291,1.21500703264006,"Ranunculus arvensis","Ranunculus"
"Ranunculus bulbosus",-0.755140324854164,0.0411813449410908,0.171303990621075,0.0681528925468373,0.504189970309475,"Ranunculus bulbosus","Ranunculus"
"Ranunculus flammula",-0.559291054813026,-0.170906315701596,-0.0887017312492717,-0.196006511123086,-0.387605657112889,"Ranunculus flammula","Ranunculus"
"Ranunculus lanuginosus",0.0890469421514717,-0.501129787860587,0.901378608971755,0.968114366807877,0.12450663729313,"Ranunculus lanuginosus","Ranunculus"
"Ranunculus lingua",0.711421581831878,0.151465302606358,0.745424709255659,0.49397848692897,0.253915284814632,"Ranunculus lingua","Ranunculus"
"Ranunculus repens",-0.448051170423241,-0.0630104240911871,0.801715712292558,0.70403421857302,0.385991498829655,"Ranunculus repens","Ranunculus"
"Ranunculus sardous",-0.801559672354548,-1.04758614823614,-0.317994918442905,-0.136630074216225,0.154596770956454,"Ranunculus sardous","Ranunculus"
"Ranunculus sceleratus",-0.384600470044748,-1.09199674805716,-0.00930892314148461,0.0845646584372535,-0.979284639792746,"Ranunculus sceleratus","Ranunculus"
"Raphanus raphanistrum",-0.180932338761742,-1.15859134231388,0.999456105464835,0.986575695315323,1.56657425972026,"Raphanus raphanistrum","Raphanus"
"Rapistrum rugosum",0.267161481756101,-0.12402557556731,-0.172602479146824,-0.200528286111679,0.546183444144483,"Rapistrum rugosum","Rapistrum"
"Reseda alba",0.143427908474797,-0.997110733622646,0.18051082154226,0.30540673015959,-0.277949504658247,"Reseda alba","Reseda"
"Reseda lutea",-0.0514151130354382,-0.471605873937963,0.202654507553562,0.0723796762821899,-0.188511512630817,"Reseda lutea","Reseda"
"Reseda luteola",0.553542420131178,-0.287731503477815,0.199154084196745,0.075829484304149,-0.592145912930631,"Reseda luteola","Reseda"
"Rhynchospora alba",-0.415796966428953,1.57349546270149,-0.458447526597501,-0.6323478134728,-0.387992139857401,"Rhynchospora alba","Rhynchospora"
"Rorippa amphibia",0.455969272080591,-1.39020626935854,1.05569176987102,1.37882612663139,0.299756684683017,"Rorippa amphibia","Rorippa"
"Rorippa sylvestris",-0.296715763774127,-1.47627957480075,-0.00426428907382161,0.10274303520438,-1.1365148108248,"Rorippa sylvestris","Rorippa"
"Rosa agrestis",1.17683743233175,1.88229234376091,-0.098132576058674,-0.548133851254805,1.40529931927319,"Rosa agrestis","Rosa"
"Rubia peregrina",-0.0141002168044544,0.537628541764332,-0.199114867375555,-0.605464723445391,1.43527817750922,"Rubia peregrina","Rubia"
"Rubus caesius",0.194867889775323,1.95601248532065,1.33267092677677,1.22735857652224,0.634554125087786,"Rubus caesius","Rubus"
"Rumex acetosa",0.2531355584874,-1.58833013140071,0.593471264664366,0.397697036516646,-0.0287334288619968,"Rumex acetosa","Rumex"
"Rumex acetosella",-0.901800499012899,-1.29671684436233,-0.713950479142341,-0.813207519507744,-0.491604476724052,"Rumex acetosella","Rumex"
"Rumex conglomeratus",0.597177237064454,-0.0941163570257175,0.792109967531775,0.785340916092367,-0.0521990166425677,"Rumex conglomeratus","Rumex"
"Rumex crispus",0.481007767048893,-1.51403754752205,0.908944720365401,1.00044891297552,0.403345399700653,"Rumex crispus","Rumex"
"Rumex maritimus",0.455969272080591,-0.828456022280024,0.855187095040813,0.949966944163118,-0.704910447535541,"Rumex maritimus","Rumex"
"Rumex obtusifolius",0.259394843546053,-0.640873068593085,1.82007917524913,2.02143701501495,0.0677512867446173,"Rumex obtusifolius","Rumex"
"Rumex sanguineus",0.675850788559129,0.227658236865973,0.788626972849071,0.849974804432555,0.0302630944122646,"Rumex sanguineus","Rumex"
"Sagina apetala",-2.15932944344804,0.671662378218519,-2.43907884578502,-2.8151502137172,-2.10328768782353,"Sagina apetala","Sagina"
"Sagina procumbens",-1.03794777176007,0.418328677386704,-2.29798809487099,-2.52976065656998,-1.99485724777607,"Sagina procumbens","Sagina"
"Sagittaria sagittifolia",0.0777875456860875,-1.48544324191946,1.10726225285983,1.01003374996876,0.211336518783055,"Sagittaria sagittifolia","Sagittaria"
"Salix alba",3.49010768566615,1.26815850935516,0.235377465322454,-0.10336551930707,-1.01892641895064,"Salix alba","Salix"
"Salix cinerea",1.8655795329618,2.29247826388984,0.68070805141979,-0.190956928945385,-1.29861415811349,"Salix cinerea","Salix"
"Salsola kali",0.267161481756101,-2.02257935334881,-0.891844861710444,-1.44128893019025,0.844478567766082,"Salsola kali","Salsola"
"Salvia glutinosa",0.194867889775323,-1.56807368138381,0.850167815046,1.31913678439652,0.739437195719236,"Salvia glutinosa","Salvia"
"Salvia officinalis",-0.0300342605033554,0.676862113963054,0.153521470281023,-0.0192247563090126,0.902753090071717,"Salvia officinalis","Salvia"
"Sambucus ebulus",0.748512643713571,-0.171824843124472,1.62103108272551,1.58021297739545,1.99211255569553,"Sambucus ebulus","Sambucus"
"Samolus valerandi",-0.652185065834469,-0.234413104304043,-0.741285076500618,-0.847724630590607,-1.75712717251423,"Samolus valerandi","Samolus"
"Sanicula europaea",-0.325118108671941,0.174418613262933,0.292410249323458,0.493375649365658,0.50510226159956,"Sanicula europaea","Sanicula"
"Saponaria officinalis",0.160885423912005,0.194508462925223,0.506614096056017,0.435855862627071,0.197902071632285,"Saponaria officinalis","Saponaria"
"Saxifraga tridactylites",-1.97928311049489,-1.20603847022928,-1.48386218871928,-1.70474935888782,-2.05966445191756,"Saxifraga tridactylites","Saxifraga"
"Scabiosa columbaria",-0.296715763774127,-0.210640243768417,0.918911963382232,0.909106239910553,0.319538294758302,"Scabiosa columbaria","Scabiosa"
"Scandix pecten-veneris",-0.481437329217664,-0.98430238536026,-0.122082894131187,-0.0682402004429521,1.22584408539114,"Scandix pecten-veneris","Scandix"
"Schoenus nigricans",-0.2423347974508,1.93444664246558,0.615909761137166,-0.126161407902728,-0.214744636251471,"Schoenus nigricans","Schoenus"
"Scilla bifolia",-0.901800499012899,-2.28455274744138,0.149296173045678,0.485141596545348,1.08152047529723,"Scilla bifolia","Scilla"
"Scleranthus annuus",-1.38780403159685,-0.834930262697978,-2.09605238767134,-2.41506278380668,0.154102346947772,"Scleranthus annuus","Scleranthus"
"Scrophularia auriculata",-0.0514151130354382,-0.805919386908752,1.48223544730575,1.49065841400207,-1.11163445371818,"Scrophularia auriculata","Scrophularia"
"Scrophularia canina",-0.2423347974508,-0.307516052315497,-0.322544717679323,-0.533274477370243,-0.699801506979805,"Scrophularia canina","Scrophularia"
"Scrophularia nodosa",0.390328909291881,-0.0498733588329382,1.04498709637785,1.13865360669157,-1.13002990145106,"Scrophularia nodosa","Scrophularia"
"Scutellaria galericulata",-0.448051170423241,0.344237909376822,-0.457941452781734,-0.209206851463876,-0.179872371897072,"Scutellaria galericulata","Scutellaria"
"Sedum album",-1.33636405029632,-3.4911253263958,-1.61750163965477,-1.95921140255064,-1.87879928930795,"Sedum album","Sedum"
"Sedum cepaea",-1.03794777176007,-3.32987447236855,-1.70546740408395,-1.82412071650536,-1.58356912567722,"Sedum cepaea","Sedum"
"Sedum dasyphyllum",-2.04726973315894,-5.30864591655651,-1.9652915640951,-2.06264176491166,-1.7528895804205,"Sedum dasyphyllum","Sedum"
"Sedum sexangulare",-0.855381151512514,-1.43461690851478,-2.21571749859187,-2.66557649859045,-2.2114435230705,"Sedum sexangulare","Sedum"
"Senecio inaequidens",0.417130904111299,-0.016733721592543,-0.621467989452092,-0.644670040786809,-0.614825019232746,"Senecio inaequidens","Senecio"
"Senecio sylvaticus",-0.0300342605033554,-1.29512857512734,0.766714983158735,0.91335700542307,-0.684154003490098,"Senecio sylvaticus","Senecio"
"Senecio vulgaris",-0.628097503376397,-2.10802168093357,-0.413467626963322,-0.326669063912083,-0.631538335872694,"Senecio vulgaris","Senecio"
"Serratula tinctoria",0.243668735133147,0.0743301859482009,0.720078200624066,0.84608505728001,0.480343929727494,"Serratula tinctoria","Serratula"
"Setaria italica",0.672825641662925,0.283985648957977,0.900659947804757,0.942553639554879,0.520517370056771,"Setaria italica","Setaria"
"Setaria pumila",0.164338813900621,0.410589362613013,0.321381534639148,0.364016805501084,0.27213768692275,"Setaria pumila","Setaria"
"Setaria viridis",0.267161481756101,1.04508338046077,0.0118800808335022,0.0271470029885749,0.0409592640886706,"Setaria viridis","Setaria"
"Sherardia arvensis",-1.013860209302,0.0435359602605547,-2.17127657428926,-2.29345916220684,0.279987668993858,"Sherardia arvensis","Sherardia"
"Silene dioica",0.356911683609924,-1.34224294568934,0.309038280908093,0.69503578535381,-0.124980961420721,"Silene dioica","Silene"
"Silene gallica",-0.360359467073919,-0.921473468796152,-0.614140686052418,-0.39722425760515,-0.535288950171025,"Silene gallica","Silene"
"Silene latifolia",0.194867889775323,-0.701144441715816,0.341049746307393,0.326825740613618,-0.0187217808935078,"Silene latifolia","Silene"
"Silene otites",-0.269136792270217,0.541828174085638,-0.318949378538295,-0.911471224879986,-0.74884336733123,"Silene otites","Silene"
"Silene vulgaris",-0.342575624109149,-0.294817770140921,0.238609253284376,0.114162738502047,-0.0315294072735418,"Silene vulgaris","Silene"
"Sinapis alba",-0.00499576553505361,-0.727520008875702,0.379407838649409,0.471431981707353,0.645901734943601,"Sinapis alba","Sinapis"
"Sinapis arvensis",-0.00912335507753296,-1.39828485657621,1.06570876042363,1.20697340819198,0.408051569854004,"Sinapis arvensis","Sinapis"
"Sisymbrium officinale",0.0702065661549947,-0.767340560263566,0.890207032432526,1.00500297376805,-0.629165504406134,"Sisymbrium officinale","Sisymbrium"
"Smyrnium olusatrum",0.629431441058744,-0.477324227254335,0.743020810355884,1.04467887395687,1.59321895916265,"Smyrnium olusatrum","Smyrnium"
"Solanum dulcamara",0.766987163948079,-0.222656196959313,0.368143836107885,0.367508086998218,1.62911678912967,"Solanum dulcamara","Solanum"
"Solidago virgaurea",0.243668735133147,0.538254023161808,0.437697408551916,0.468336585935991,-0.241854420187003,"Solidago virgaurea","Solidago"
"Sonchus arvensis",0.776091615217478,-0.773731661641258,1.32895546146271,1.35087087412556,-0.111348520034641,"Sonchus arvensis","Sonchus"
"Sonchus asper",0.194867889775323,-1.07847362056454,0.857116597490061,0.921366698461914,-0.61173365383701,"Sonchus asper","Sonchus"
"Sonchus oleraceus",0.971940885258616,-1.19207470763862,1.08759574391893,1.27735654595002,-0.540781830231966,"Sonchus oleraceus","Sonchus"
"Sparganium erectum",-0.0300342605033554,-0.617781107577426,1.58902198367502,1.41884130435799,1.39473630682991,"Sparganium erectum","Sparganium"
"Spergula arvensis",-0.628097503376397,-0.654849493184323,-1.59812961133433,-2.33760831793789,-0.510128447166416,"Spergula arvensis","Spergula"
"Spergularia media",-0.755140324854164,-1.42295457601374,-1.98096531219594,-2.02192770060708,-1.10642329733241,"Spergularia media","Spergularia"
"Spergularia rubra",-1.22616074624944,-0.845065569541609,-1.96421906052294,-2.23345353458611,-1.64714632627879,"Spergularia rubra","Spergularia"
"Stachys arvensis",-0.901800499012899,-0.21582406711084,-0.857996773557008,-0.781006361401424,-0.157257273808373,"Stachys arvensis","Stachys"
"Stachys recta",-0.166181533250523,0.341230109099895,-0.230029154013733,-0.132322391050234,0.255500722964418,"Stachys recta","Stachys"
"Stellaria media",-0.801559672354548,-2.10802168093357,-0.76702738386797,-0.353122273965125,-0.459228113705134,"Stellaria media","Stellaria"
"Stellaria neglecta",0.107521462385979,-2.10802168093357,-0.963720233450894,-0.437643743948483,-0.0808290245835588,"Stellaria neglecta","Stellaria"
"Suaeda maritima",-0.840398040323841,-2.10003216105168,-1.38621855049452,-1.79162065961402,-0.109130895254404,"Suaeda maritima","Suaeda"
"Symphytum officinale",0.362749937787974,-2.18094600078802,1.08912752227975,1.17922123667757,1.01560554252781,"Symphytum officinale","Symphytum"
"Symphytum tuberosum",-0.384600470044748,-1.26332985674637,0.379888523906299,0.606796869981334,0.877237044869553,"Symphytum tuberosum","Symphytum"
"Syringa vulgaris",2.60782854574504,1.51219078049814,0.979069902438717,0.476702023123714,0.806531413903216,"Syringa vulgaris","Syringa"
"Tanacetum corymbosum",0.529190614400395,0.206822046234336,0.217735454775301,0.074261095340658,-0.324543941615133,"Tanacetum corymbosum","Tanacetum"
"Tanacetum parthenium",-0.274589001445089,-0.200302784387679,0.581724405121682,0.830495009143702,-1.06494048259333,"Tanacetum parthenium","Tanacetum"
"Tanacetum vulgare",0.720110298815755,0.46694906917421,1.20241691001149,1.15209786159157,-0.590485826150838,"Tanacetum vulgare","Tanacetum"
"Teucrium chamaedrys",-0.967440861801609,1.33066459366753,-0.838805429777311,-1.03746631013346,0.0940262879925884,"Teucrium chamaedrys","Teucrium"
"Teucrium montanum",-0.628097503376397,0.94140702471298,-1.41018022093198,-1.61522629354376,-0.123108097232006,"Teucrium montanum","Teucrium"
"Teucrium scordium",-0.415796966428953,-0.344834429131364,-0.996813988873775,-0.820151660158964,-0.310614419599354,"Teucrium scordium","Teucrium"
"Teucrium scorodonia",-0.415796966428953,1.89918927344633,0.398654939752423,-0.00657552304239176,-0.0654094110602268,"Teucrium scorodonia","Teucrium"
"Thalictrum aquilegiifolium",0.529190614400395,0.271571048398143,1.7801793687225,2.04160718117429,0.331241162168223,"Thalictrum aquilegiifolium","Thalictrum"
"Thalictrum flavum",0.417130904111299,0.752220979850447,1.69560479604262,1.87069990555904,0.161484996642076,"Thalictrum flavum","Thalictrum"
"Tilia platyphyllos",4.13906048581668,0.282372439422232,0.707202297465186,0.978470333326107,2.39202232332753,"Tilia platyphyllos","Tilia"
"Tordylium maximum",0.587283824892989,0.482022487163236,1.02133022234599,1.17693411394859,0.506967546379678,"Tordylium maximum","Tordylium"
"Torilis arvensis",0.334347592890158,0.154040518900112,-0.0230737067080376,0.0184787817408869,0.39789601388588,"Torilis arvensis","Torilis"
"Torilis japonica",0.125644065510028,1.10315473704618,0.632948867623183,0.752318963108109,0.274821557826719,"Torilis japonica","Torilis"
"Torilis nodosa",-0.0622884644976447,1.54785906122314,-1.08088355534113,-1.41646486213238,0.189584602084222,"Torilis nodosa","Torilis"
"Tragopogon dubius",0.0890469421514717,0.178851407701291,-0.606917930210263,-0.574085044064715,1.010947929306,"Tragopogon dubius","Tragopogon"
"Tragopogon porrifolius",0.368330058753476,-0.474406332158254,0.0775834416451276,0.204365308682122,1.26478755350941,"Tragopogon porrifolius","Tragopogon"
"Tragopogon pratensis",-0.0956746232920653,0.0435359602605547,0.367957126071483,0.244077795310277,1.1198036001133,"Tragopogon pratensis","Tragopogon"
"Trifolium arvense",-0.923181351544981,1.24537482511527,-0.609644600380526,-0.744556952549599,-0.535333355188672,"Trifolium arvense","Trifolium"
"Trifolium campestre",-0.282826350714034,0.797816222138896,-0.955158014520145,-0.879249382688881,-0.531347753069943,"Trifolium campestre","Trifolium"
"Trifolium dubium",-0.516037793087302,0.194508462925223,-1.14249547018557,-1.03157218839282,-0.366567815246259,"Trifolium dubium","Trifolium"
"Trifolium fragiferum",-0.689499962065454,0.491805461236036,-0.867950214360488,-0.847034750186373,0.357792294387728,"Trifolium fragiferum","Trifolium"
"Trifolium hybridum",-0.0956746232920653,0.685493504068837,0.271266667691512,0.300164630221405,0.00766881175291968,"Trifolium hybridum","Trifolium"
"Trifolium incarnatum",-0.0732875222290808,0.0169969998759351,0.266481561017477,0.350078033982524,0.494955627161383,"Trifolium incarnatum","Trifolium"
"Trifolium medium",0.0313681981857021,0.930095277767441,0.254066142217132,0.218718178028143,0.360696375635866,"Trifolium medium","Trifolium"
"Trifolium micranthum",-1.91583241011639,0.194641887774005,-1.97779149851982,-1.97059857552038,-0.53871899051602,"Trifolium micranthum","Trifolium"
"Trifolium pratense",-0.296715763774127,0.49567087365788,-0.101246630071627,-0.15050697822955,0.218285740498627,"Trifolium pratense","Trifolium"
"Trifolium repens",-0.0956746232920653,0.00352012066106738,-0.617227591775465,-0.175896722377079,-0.254594543376646,"Trifolium repens","Trifolium"
"Trifolium resupinatum",-0.967440861801609,-0.252422579011213,-0.827592244809924,-0.651783661048519,-0.185309314048111,"Trifolium resupinatum","Trifolium"
"Trifolium rubens",0.0890469421514717,1.0397952522986,0.187720300776311,-0.0120052367983689,0.340744525909964,"Trifolium rubens","Trifolium"
"Trinia glauca",-1.0880334355404,0.494031988280335,0.0822000540790283,-0.275589700471253,0.291254430941089,"Trinia glauca","Trinia"
"Triticum aestivum",1.0045637805566,0.624553318689615,0.616069863974573,0.580451097557153,1.80731845217454,"Triticum aestivum","Triticum"
"Trollius europaeus",-0.325118108671941,0.106335811334071,1.00552303361356,0.914579411107986,-0.0563461070963505,"Trollius europaeus","Trollius"
"Tussilago farfara",-0.702270729614803,-0.767340560263566,2.16643144990602,2.08737623798271,-0.716757071129636,"Tussilago farfara","Tussilago"
"Typha angustifolia",1.28889714262084,0.958435237911834,1.85046977416787,1.22221542646381,-1.09293730337755,"Typha angustifolia","Typha"
"Typha latifolia",1.28889714262084,0.185375219080978,1.8603005704755,1.54290235378992,-1.36694990673724,"Typha latifolia","Typha"
"Ulex europaeus",0.837494073906536,1.29809698500088,-1.21010644917912,-2.2148732725491,0.867973162504725,"Ulex europaeus","Ulex"
"Ulmus glabra",4.23930131247503,0.838142299289771,0.535712148053856,0.673975656545089,1.17021143971854,"Ulmus glabra","Ulmus"
"Ulmus laevis",4.28572065997542,0.439040094578834,0.458471727511841,0.826914751658253,0.996529629693319,"Ulmus laevis","Ulmus"
"Ulmus minor",4.14695603235255,0.756599760258279,0.246167888157795,0.318271766185079,1.0530542015952,"Ulmus minor","Ulmus"
"Umbilicus rupestris",-0.755140324854164,-3.59765871898613,0.209498941445327,0.321238671518128,-2.3758060561456,"Umbilicus rupestris","Umbilicus"
"Urtica dioica",0.776091615217478,0.362547749140857,0.472550309195109,0.739361755629136,-0.824957672631896,"Urtica dioica","Urtica"
"Urtica urens",-0.354394507739894,0.381271571558626,-0.306981258196507,-0.38903319492172,-0.321542185549015,"Urtica urens","Urtica"
"Vaccinium myrtillus",-0.200456785051612,1.54892884620492,-1.15745291741691,-1.36414549990997,1.77849549628674,"Vaccinium myrtillus","Vaccinium"
"Valeriana officinalis",0.290088082633532,-0.748258812277814,1.17825157837241,1.35695918765581,-0.0300773488478392,"Valeriana officinalis","Valeriana"
"Valerianella carinata",-0.746122172999515,-1.48044855364052,-0.998776713762324,-0.864794896301951,-0.295339240030169,"Valerianella carinata","Valerianella"
"Valerianella locusta",-1.00204132567125,-1.56522936454648,-1.0719601469005,-0.970729874052803,-0.146712391614918,"Valerianella locusta","Valerianella"
"Verbascum densiflorum",0.995973131696017,0.0697779810304243,1.53627042556424,1.47066215993076,-1.11124649558353,"Verbascum densiflorum","Verbascum"
"Verbascum nigrum",0.552396835528855,-0.327083528166054,1.84809685596452,1.80291444001802,-1.03735204648115,"Verbascum nigrum","Verbascum"
"Verbascum pulverulentum",0.597177237064454,-0.169529118579348,1.94210137242879,1.94002791875969,-0.863315061697324,"Verbascum pulverulentum","Verbascum"
"Verbascum thapsus",0.670803519972316,0.377122089120416,1.86845416875813,1.6543834126301,-1.09208262071811,"Verbascum thapsus","Verbascum"
"Verbena officinalis",-0.0590133910491972,0.652446895690698,-0.197909662332183,-0.489415102573984,-0.454517055701384,"Verbena officinalis","Verbena"
"Veronica anagallis-aquatica",-0.216267197030858,-1.45553206177624,0.251418043574511,0.46429691299208,-1.52197930275366,"Veronica anagallis-aquatica","Veronica"
"Veronica arvensis",-1.16848200228367,-0.8542006729252,-1.1447609732715,-0.971892296331634,-1.02386504815516,"Veronica arvensis","Veronica"
"Veronica beccabunga",-0.142093970792452,-0.812403902771024,-0.0727056843178635,-0.0922839158053973,-0.411777415489172,"Veronica beccabunga","Veronica"
"Veronica catenata",-0.303737256139857,-1.07926297793856,-0.748519194894408,-0.511629425688051,-1.6504181400725,"Veronica catenata","Veronica"
"Veronica chamaedrys",-0.415796966428953,1.00454889090601,-0.467383077803589,-0.520857319332923,-0.758596294059206,"Veronica chamaedrys","Veronica"
"Veronica hederifolia",-0.676898348734221,-1.86912161512745,-0.684356289012126,-0.68295085049598,0.682845994305126,"Veronica hederifolia","Veronica"
"Veronica montana",-0.384600470044748,1.01966272557854,-0.348522859492017,-0.38671597837718,-0.432852943790612,"Veronica montana","Veronica"
"Veronica officinalis",-1.06957127775494,1.09682443098292,-0.675711912702968,-1.51869010401175,-1.00779216875376,"Veronica officinalis","Veronica"
"Veronica peregrina",-1.21140994073822,-0.924993058587387,-1.62480053306489,-1.61096837382913,-1.65927919023711,"Veronica peregrina","Veronica"
"Veronica persica",-0.628097503376397,-1.15120744730155,-0.539647769975969,-0.345224751974886,-0.275394551756998,"Veronica persica","Veronica"
"Veronica polita",-0.166181533250523,-0.660975830629792,-1.23651907987022,-1.15004867113394,-0.557102247725073,"Veronica polita","Veronica"
"Veronica scutellata",-0.801559672354548,0.404492647387537,-1.31463075227795,-1.34740679701902,-0.359920506871208,"Veronica scutellata","Veronica"
"Veronica serpyllifolia",-0.956181465336223,-0.154274678866291,-0.81097497710886,-0.858182175298115,-1.4453796084371,"Veronica serpyllifolia","Veronica"
"Viburnum lantana",2.09502301834168,0.629260368074705,0.846023705220634,0.743207065692815,1.70419549635906,"Viburnum lantana","Viburnum"
"Vicia cracca",0.785109767072126,0.491586684001445,-0.155715116350665,0.0114405587224485,1.33166398437398,"Vicia cracca","Vicia"
"Vicia ervilia",0.0548609448086571,-0.0776606190960995,-0.436889820560529,-0.584630811190162,1.80936658871837,"Vicia ervilia","Vicia"
"Vicia faba",0.629431441058744,-1.2730380546117,1.06593936273548,1.20304550203423,3.47169185248061,"Vicia faba","Vicia"
"Vicia hirsuta",-0.325118108671941,0.690186408750308,-0.673986327535723,-0.601402915090755,0.857704541609048,"Vicia hirsuta","Vicia"
"Vicia sativa",0.334347592890158,0.424455014832178,0.174562380046564,0.159934440770304,1.64731396206559,"Vicia sativa","Vicia"
"Vicia sepium",0.178028372344437,0.00799614735064365,-0.244422309127278,0.141501204290374,1.49851474611825,"Vicia sepium","Vicia"
"Vinca minor",0.397100524335814,0.133778244542524,-0.30334164009265,-0.275547527568609,0.868756679717836,"Vinca minor","Vinca"
"Vincetoxicum hirundinaria",0.629431441058744,-0.402562987117449,-0.174259800456877,0.246181008146591,0.960626390269651,"Vincetoxicum hirundinaria","Vincetoxicum"
"Viola arvensis",-0.66858905663963,-0.270872549195339,-0.27546684161398,-0.293174774879247,-0.365788073468427,"Viola arvensis","Viola"
"Viola canina",-1.2875632049385,0.741378225774748,-0.577525477803504,-0.733314850077687,0.0379597665867929,"Viola canina","Viola"
"Viola hirta",-1.561266200575,0.647386796584155,0.734498080123029,0.680295311482099,0.540637995667819,"Viola hirta","Viola"
"Viola odorata",-0.464597811786776,0.454876973902191,0.393432823621684,0.387233558253945,0.389157214386656,"Viola odorata","Viola"
"Viola reichenbachiana",-1.11410103596034,0.522906916330899,-0.415345223469815,-0.353122273965125,0.337155381236403,"Viola reichenbachiana","Viola"
"Viola riviniana",-1.00204132567125,1.24474539794611,-0.160872481577572,-0.307413009651424,0.086200440314477,"Viola riviniana","Viola"
"Viola tricolor",-0.415796966428953,-0.254501370561679,-0.504084661705195,-0.407343973513186,-0.112540679070434,"Viola tricolor","Viola"
"Vitis vinifera",3.09383207832899,-0.396142053964094,1.18588256787822,1.43863916800637,1.38569843535775,"Vitis vinifera","Vitis"
"Zea mays",1.56260013825734,0.13677971243225,1.79012980744808,1.87330085637334,2.23077053006066,"Zea mays","Zea"
