"","sbs_name","canopy_height_m","ldmc_geo_mgg","leaf_mass_mg","leaf_size_mm2","seed_mass_mg","seed_number"
"1","Abutilon theophrasti",NA,NA,NA,NA,10.614,NA
"2","Acer campestre",13.4214285714286,360.5,184.2079463,4741.5,54.3482823529412,1548.5
"3","Acer negundo",11.5,NA,NA,NA,41.211,NA
"4","Acer platanoides",26.25,274,NA,5193.76666666667,100.828,1
"5","Acer pseudoplatanus",27.3333333333333,262.5,NA,8365.175,69.200399997,3407
"6","Achillea distans",NA,NA,NA,NA,0.303,NA
"7","Achillea millefolium",0.3955,185.5,21.7633333333333,411,0.131833333333333,8573.36470588235
"8","Achillea nobilis",0.4,NA,NA,NA,0.0633333333333333,NA
"9","Adonis annua",0.175,NA,NA,NA,11.6,22
"10","Aegilops geniculata",0.086,260.666666666667,NA,NA,9.27377777766667,NA
"11","Aegilops neglecta",NA,NA,NA,NA,25.81,NA
"12","Aegopodium podagraria",0.558333333333333,230,753.5581651,13500.242,1.68093333333333,2775.67777777778
"13","Aesculus hippocastanum",20,251.5,NA,6528.7,7708.65,NA
"14","Aethusa cynapium",0.441666666666667,193.55,118.208577966,3207.7575,1.69492,19202.25
"15","Agrimonia eupatoria",0.333333333333333,339.5,494.5374473,8461,14.178,41.5
"16","Agrostemma githago",0.66,204.54,57.225,999.75,14.554875,688.777777777778
"17","Agrostis canina",0.3,281.985,1.950036232,67,0.0554857142857143,385148
"18","Agrostis castellana",0.14,NA,NA,NA,NA,NA
"19","Agrostis stolonifera",NA,273.305,9.4082575675,365.666666666667,0.047775,62463.25
"20","Ailanthus altissima",25.3333333333333,NA,NA,NA,33.58,NA
"21","Aira caryophyllea",0.11,279.666666666667,1.078029614,14.2,0.108,9389
"22","Aira cupaniana",NA,NA,NA,NA,0.051515152,NA
"23","Ajuga chamaepitys",0.0916666666666667,157.93,3.065,70.5,1.215,32
"24","Ajuga reptans",0.161666666666667,153,17.36967841,556,1.46519,9000.22222166667
"25","Alcea rosea",1.57,202.64,615,8249,8.94266666666667,4870
"26","Alisma lanceolatum",0.275,118.25,64.3655555555556,1774.8,0.3843,NA
"27","Alisma plantago-aquatica",0.325,135.03,516.259252275,11979.4166666667,0.382625,63418.6666666667
"28","Alliaria petiolata",0.45,161.333333333333,213.937010866667,7514,2.348,35261.625
"29","Allium carinatum",0.225,111.11,44,1280,1.2937777775,NA
"30","Allium schoenoprasum",0.32,170.58,93.455,556,0.9109,2155.5
"31","Allium sphaerocephalon",0.225,134.51,342.43,1940.63,1.46266666666667,3.75
"32","Allium ursinum",0.275,114.333333333333,196.761776666667,6656.66666666667,5.3948,870.208333333333
"33","Allium vineale",0.25,170.5,101.166029705,1195,7.504,NA
"34","Alnus cordata",NA,NA,NA,NA,2.67,NA
"35","Alnus glutinosa",14.3333333333333,248,NA,3462.95,2.3111,NA
"36","Alopecurus arundinaceus",0.625,NA,NA,NA,0.42809,NA
"37","Alopecurus bulbosus",0.275,NA,NA,NA,0.4584,963
"38","Alopecurus myosuroides",0.3,272,21.48647482,547,2.15047619042857,2122.1
"39","Alopecurus pratensis",0.45,308.06,43.430614195,1088.125,0.658,45361.375
"40","Alopecurus rendlei",0.3,NA,NA,NA,NA,NA
"41","Althaea hirsuta",0.2,NA,NA,NA,2.45137142857143,NA
"42","Althaea officinalis",0.71625,205.345,173.995,4066.625,5.647,149
"43","Amaranthus albus",0.3,NA,NA,NA,0.3474,500
"44","Amaranthus caudatus",0.715,174.74,200.505,4117.22,0.669,7148.5
"45","Amaranthus deflexus",0.3,NA,NA,NA,NA,NA
"46","Amaranthus hybridus",0.55,NA,NA,NA,0.5518,NA
"47","Amaranthus powellii",0.6,NA,NA,NA,NA,35333.3333333333
"48","Amaranthus retroflexus",0.451666666666667,222.8025,265.49,3602.75,0.462666666666667,30322.7
"49","Ambrosia artemisiifolia",1.095,152.52,125.905,3877,NA,23254.3333333333
"50","Amelanchier ovalis",2,NA,35.93,423.8,198.45,741
"51","Ammi majus",0.395,141.943333333333,2.27333333333333,77.6666666666667,0.615166666666667,NA
"52","Ammi visnaga",NA,NA,NA,NA,0.7432,NA
"53","Ammophila arenaria",0.8,287,120.2657785,972,3.5708,35650
"54","Amorpha fruticosa",2.5,NA,NA,NA,NA,NA
"55","Anacamptis pyramidalis",0.3,112.25,23.58,1190,NA,23666.6666666667
"56","Anagallis arvensis",0.12875,142,2.7625,104,0.49056,30795.4285714286
"57","Anchusa azurea",0.89,123.36,189.67,3611.68,NA,324
"58","Andryala integrifolia",NA,NA,NA,NA,0.186666666666667,NA
"59","Anemone nemorosa",0.138333333333333,205,123.871023095,3003,2.1444,3378.11410269231
"60","Angelica sylvestris",0.783333333333333,220,1531.2,40902,2.42144444444444,11683.20625
"61","Anthemis arvensis",0.285,139.99,11.2233333333333,373.645,0.7576725,11760.2619071429
"62","Anthemis cotula",0.285,107,6.168481375,138,0.4542,6790.35714285714
"63","Anthericum liliago",0.3,162.63,180.665,3337.25,5.56125,22.2
"64","Anthoxanthum odoratum",0.165,258.75,2.31,NA,0.62875,9153.24027916667
"65","Anthriscus caucalis",0.36,193.738,114.076814835714,3649.4,1.1758,9135
"66","Anthyllis vulneraria",0.2,170,63.29470563,1007,3.25339166666667,80.2
"67","Antirrhinum majus",0.425,165,26.46061644,303,0.1156,NA
"68","Aphanes arvensis",0.085,264,2.341736695,38,0.21576,49731.13334
"69","Aphanes microcarpa",NA,NA,NA,NA,0.1314425,NA
"70","Apium nodiflorum",0.466666666666667,110,100.510039525,4972.5,0.4996,238
"71","Arabidopsis thaliana",0.133333333333333,103.5,9.642721352,281,0.02088,408333.263636364
"72","Arabis hirsuta",0.323333333333333,166,15.75671642,374,0.0979076923076923,552041.6665
"73","Arabis sagittata",0.425,143.525,15.8725,269.675,0.1,88
"74","Arabis turrita",0.3,NA,NA,NA,0.522496,1030
"75","Arbutus unedo",12,257.5,NA,1562.6,2.53,40
"76","Arctium lappa",1.085,195.363333333333,1542.788,25226.8333333333,13.02328,14136.0952385714
"77","Arctium minus",0.7,177.333333333333,4104.936905,117000,12.0397523809524,8118
"78","Arenaria serpyllifolia",0.165,219.18,0.654718250666667,13.1833333333333,0.0671106060454545,210313.027833333
"79","Aristolochia clematitis",0.4,272.3,509.85,8534.625,32.43675,NA
"80","Arrhenatherum elatius",1.275,291.316666666667,30.654063375,1223,3.07949333333333,12580.333335
"81","Artemisia absinthium",0.825,220.5,99.43251888,2475.5,0.106057777777778,5356
"82","Artemisia annua",0.95,220.88,30.1675,639.692833333333,0.03,NA
"83","Artemisia verlotiorum",1.6,NA,NA,NA,NA,NA
"84","Artemisia vulgaris",1.4,258,255.2913636,3914.42633333333,0.144933333333333,290509.6
"85","Arum italicum",NA,NA,NA,NA,NA,63.79
"86","Arum maculatum",0.2425,117.666666666667,317.9066447,10496.6666666667,72.6432533333333,22.8
"87","Asparagus acutifolius",NA,NA,NA,NA,40.08,NA
"88","Asparagus officinalis",0.9,280.26,3.595,27.335,40.8633666666667,23.5
"89","Asphodelus fistulosus",NA,NA,NA,NA,2.856,NA
"90","Asplenium ruta-muraria",0.09,292.333333333333,11.9220846766667,149.333333333333,NA,NA
"91","Asplenium scolopendrium",0.325,234,1436.8,15385,NA,NA
"92","Asplenium septentrionale",0.115,187.49,10.7,150.5,NA,NA
"93","Asplenium trichomanes",0.175,337,95.5,1042,NA,NA
"94","Astragalus glycyphyllos",0.575,272.5,115.581532135,2720.5,5.15003333333333,8767.875
"95","Athyrium filix-femina",0.65,292,5603.077432,67730,NA,1834146
"96","Atriplex prostrata",0.95,144.333333333333,139.77941404,2670.66666666667,2.15622,3050
"97","Avena barbata",0.18,237.666666666667,0.00482,119,7.92272095242857,NA
"98","Avena fatua",0.75,242,320.3024483,5227.5,22.1845,369
"99","Avena sterilis",0.27,192.73,17.32,560.75,59.232,510.75
"100","Avena strigosa",1.54,201.94,69.965,1978,7.44866666666667,1243.5
"101","Azolla filiculoides",0.02,97.95,9.18333333333333,133.81,NA,NA
"102","Baldellia ranunculoides",0.125,139,19.6,427,0.426933333333333,807
"103","Ballota nigra",0.625,222,38.35214076,717,0.85785,46369
"104","Barbarea verna",0.333333333333333,NA,NA,NA,1.051,NA
"105","Barbarea vulgaris",0.525,174,150.325324805,4750.5,0.606666666666667,43553.2777833333
"106","Bellis perennis",0.055,113.5,11.62723288,359,0.14152,17255.0833325
"107","Berula erecta",0.475,96.475,160.63352494,3582.875,0.69945,25000
"108","Beta vulgaris",1.4,167,751.7,18496,20.4113590243902,3
"109","Betula pendula",27,273,NA,1181.1,0.188353846153846,15674.2
"110","Betula pubescens",25,NA,NA,NA,0.219966666666667,2512612.75
"111","Bidens frondosa",0.525,174.6,110.41,4176,8.66097142857143,19676.9166675
"112","Bidens tripartita",0.525,152.16,74.7110556533333,2417.08333333333,2.43494,29670.8333375
"113","Biscutella didyma",NA,NA,NA,NA,1.450666667,NA
"114","Blackstonia perfoliata",0.221666666666667,223.065,18.5374196233333,453.75,0.009,1179
"115","Blechnum spicant",0.325,266,860.8613805,9350,NA,NA
"116","Borago officinalis",0.31,144.74,154.525,3946,15.766,199
"117","Brachypodium distachyon",NA,NA,NA,NA,2.190900901,NA
"118","Brachypodium pinnatum",NA,362.333333333333,83.9923816,1898,2.7332933334,32543.5
"119","Brachypodium sylvaticum",0.825,308.47,20.4262208941667,3886.54545454545,2.78525454545455,2830.625
"120","Brassica napus",0.9625,NA,NA,NA,4.392,180472.3333
"121","Brassica nigra",0.735,128.22,252.94,6916.8,1.32608571428571,3112
"122","Brassica rapa",0.598333333333333,141.396666666667,135.13456938,3315.66666666667,2.1388,4123.66666666667
"123","Briza maxima",NA,NA,NA,NA,1.7375,NA
"124","Briza media",0.165,298.035,26.9652498225,644,0.40112222225,179
"125","Bromus arvensis",0.332,271.46,40.63,1085,2.62566666666667,NA
"126","Bromus commutatus",0.5,221.25,31.3225,920.875,5.2019,NA
"127","Bromus diandrus",NA,289,NA,NA,8.435,NA
"128","Bromus hordeaceus",NA,290.56,10.27175308,314.666666666667,2.27844071428571,NA
"129","Bromus madritensis",0.19,165.83,2.5543175,156.416666666667,2.56333333333333,NA
"130","Bromus rubens",NA,NA,NA,NA,1.6728333335,NA
"131","Bromus scoparius",NA,NA,NA,NA,1,NA
"132","Bromus sterilis",0.375,230.75,15.2497606843333,467.333333333333,7.4854,NA
"133","Broussonetia papyrifera",NA,NA,NA,NA,2.2,NA
"134","Buddleja davidii",1.83333333333333,229.743333333333,77.285,2971.25,0.0567,NA
"135","Buglossoides purpurocaerulea",0.45,159.52,20.44,714.75,13.3833333333333,NA
"136","Bunias erucago",0.2,NA,NA,NA,33.34,NA
"137","Bupleurum baldense",0.04,NA,NA,NA,0.387,NA
"138","Butomus umbellatus",0.8,120.313333333333,529.97,5805.83333333333,0.1716,NA
"139","Buxus sempervirens",2,396.9,NA,138.75,13.01698,NA
"140","Cakile maritima",0.208333333333333,88.6266666666667,74.94,885.75,22.4189333333333,NA
"141","Calamagrostis epigejos",1,400.033333333333,258.194429533333,4994.5,0.0797333334,NA
"142","Calendula arvensis",0.15,93.24,40.83,948,3.585,NA
"143","Calepina irregularis",0.275,NA,NA,NA,6.205,NA
"144","Callitriche palustris",0.00875,108.82,0.595,58.125,0.076,NA
"145","Callitriche stagnalis",NA,98.0033333333333,0.817043527333333,15.4166666666667,0.0805333333333333,NA
"146","Calluna vulgaris",0.826,287,NA,0.975,0.0291111111111111,NA
"147","Calystegia sepium",1.2875,184,90.88484689,3208,30.272,NA
"148","Calystegia silvatica",2,224,133.9542354,3092,37.133,NA
"149","Calystegia soldanella",0.233333333333333,126.66,57.23,734.5,NA,NA
"150","Campanula medium",0.625,NA,NA,NA,0.367,NA
"151","Campanula patula",0.275,NA,NA,NA,0.0245866666666667,NA
"152","Campanula rapunculus",0.5,162.5,12.06,617.5,0.0333333333333333,NA
"153","Campanula trachelium",0.6,159,92.24660086,3601,0.231155555555556,NA
"154","Cannabis sativa",1.2,238.99,193.23,4865.875,6.4,NA
"155","Capsella bursa-pastoris",0.126666666666667,147.3775,60.8887573225,1842.66666666667,0.0985154545454545,NA
"156","Cardamine amara",0.241666666666667,125.666666666667,48.7516437433333,2515.33333333333,0.258,NA
"157","Cardamine bulbifera",0.3975,149.565,52.8925,2207,2.7,NA
"158","Cardamine flexuosa",0.216666666666667,129,12.33047046,661,0.122355555555556,NA
"159","Cardamine heptaphylla",0.375,137.07,700,28081.25,6.02,NA
"160","Cardamine hirsuta",0.118333333333333,126,11.217289988,337,0.1076,NA
"161","Cardamine impatiens",0.358333333333333,311,7.080032733,239,0.278133333333333,NA
"162","Cardamine parviflora",0.125,164.27,2.56,75.575,0.106,NA
"163","Carduus nutans",0.6,127.666666666667,286.832203133333,4599,3.23571428571429,NA
"164","Carduus pycnocephalus",NA,NA,NA,NA,2.16,NA
"165","Carex acuta",0.9,331.79,132.83,2455.25,0.424666666666667,NA
"166","Carex acutiformis",0.75,333.43,430.7,7035,0.864166666666667,NA
"167","Carex caryophyllea",0.09,310,16.593646155,387.5,1.2992,NA
"168","Carex depauperata",0.45,NA,NA,NA,10.76275,NA
"169","Carex digitata",0.1,274.155,15.652912825,480.25,1.445,NA
"170","Carex distans",0.2,303.985,13.5433333333333,265.25,1.43814285714286,NA
"171","Carex divisa",NA,NA,NA,NA,0.76912,NA
"172","Carex divulsa",0.275,105,42.36,1403.7,1.57537142857143,NA
"173","Carex echinata",0.25,365.5,15.3740942045,218,0.744788235294118,NA
"174","Carex elata",0.9,344.07,280.38,2693.25,0.75559,NA
"175","Carex extensa",0.135,320.49,11.52,101.25,1.24503333333333,NA
"176","Carex flacca",0.275,332.9625,34.84894372,634.75,1.01511818181818,NA
"177","Carex flava",NA,245.43,16.185,331,0.861541666666667,NA
"178","Carex hirta",0.45,291.2125,74.826634202,1718.5625,2.8165,NA
"179","Carex pallescens",0.325,264.57,14.635,526.5,1.25258333333333,NA
"180","Carex pendula",0.5,301.5,1029.6398723,12540,0.721809090909091,NA
"181","Carex pilulifera",0.1,328,10.26045949,209,1.22661290322222,NA
"182","Carex praecox",0.165,NA,NA,NA,NA,NA
"183","Carex pseudocyperus",0.35,308.56,157.67,3788,0.728615384615385,NA
"184","Carex punctata",0.14,323.97,27.08,758,1.01422857142857,NA
"185","Carex remota",0.45,254,12.81434932,318,0.371945454545455,NA
"186","Carex riparia",1.05,326.64,1187.015,14070.25,1.99093333333333,NA
"187","Carex rostrata",0.5,245.88,76.815,1182.5,1.18026666666667,NA
"188","Carex spicata",0.275,249.633333333333,16.29,324.333333333333,2.38878,NA
"189","Carex strigosa",0.625,160.94,76.005,2395.875,0.5492,NA
"190","Carex sylvatica",0.425,324,29.75434925,677,1.66395384615385,NA
"191","Carex vesicaria",0.55,320.11,99.85,1222,1.39118888888889,NA
"192","Carlina acaulis",0.31,183.38,391.485,4001.14,4.08333333333333,NA
"193","Carpinus betulus",17.875,258.685,62.93,2268.52,41.8153142857143,NA
"194","Carthamus lanatus",NA,NA,NA,NA,10.391756755,NA
"195","Carthamus tinctorius",0.8275,145.99,136.45,1930.5,26.152,NA
"196","Castanea sativa",30,265.333333333333,NA,7259.43333333333,2891.92080466667,NA
"197","Celosia argentea",0.4,NA,NA,NA,NA,NA
"198","Celtis australis",NA,NA,NA,NA,186.75,NA
"199","Centaurea calcitrapa",0.35,165.83,73.14,1669,2.3032,NA
"200","Centaurea jacea",0.85,219.59,NA,NA,1.98996,NA
"201","Centaurea nigra",0.425,154.333333333333,132.657338776667,3440,2.49422857142857,NA
"202","Centaurea nigrescens",0.6,NA,NA,NA,1.47,NA
"203","Centaurea solstitialis",0.64,183.82,36.115,961.25,1.682,NA
"204","Centaurium erythraea",0.14125,259.833333333333,11.9113359736667,251.5,0.0127692307692308,NA
"205","Centaurium pulchellum",0.0633333333333333,184.38,0.25,16.83,0.0128111111111111,NA
"206","Centaurium tenuiflorum",0.1625,NA,NA,NA,0.0141333333333333,NA
"207","Centranthus ruber",0.433333333333333,138.41,130.3674311,3105.625,2.0025,NA
"208","Cephalanthera damasonium",0.35,166.065,55.2666666666667,1607.25,0.005,NA
"209","Cephalanthera longifolia",0.2275,185.116666666667,50.7925,1770.34333333333,NA,NA
"210","Cephalanthera rubra",0.25,NA,NA,NA,NA,NA
"211","Cerastium arvense",0.111666666666667,194.46,1.19,NA,0.1776,NA
"212","Cerastium brachypetalum",NA,NA,NA,NA,0.05874,NA
"213","Cerastium fontanum",0.11,130.25,7.776427511,182.59075,0.144,NA
"214","Cerastium glomeratum",0.145,155.235,6.92513087175,176.666666666667,0.053294,NA
"215","Cerastium latifolium",0.065,NA,NA,NA,0.593333333333333,NA
"216","Cerastium pumilum",0.045,120.28,0.755,21.25,0.0662,NA
"217","Cerastium semidecandrum",0.06,184.333333333333,1.641782751,32,0.0369536363636364,NA
"218","Ceratophyllum demersum",NA,128.75,2.983997963,119.133333333333,NA,NA
"219","Chaerophyllum bulbosum",0.85,264.21,477.82,7812.23,2.13333333333333,NA
"220","Chaerophyllum temulum",0.491666666666667,249,783.1828877,20341,2.73757894736842,NA
"221","Chelidonium majus",0.466666666666667,186.5,240.14783215,9226,0.74,NA
"222","Chenopodium album",0.483333333333333,164.333333333333,148.549258353333,2390,0.647,NA
"223","Chenopodium vulvaria",0.225,NA,NA,NA,0.509714285714286,NA
"224","Chondrilla juncea",0.5,216.62,23.615,301.25,0.671,NA
"225","Cichorium intybus",0.625,136,556.1217391,17537,1.77817333333333,NA
"226","Circaea lutetiana",0.308333333333333,193.5,69.448388015,2643,1.79549090909091,NA
"227","Cirsium arvense",0.8625,141.656666666667,190.5354895,3857.5,1.24554444444444,NA
"228","Cirsium vulgare",0.9,140.718,772.965,11035.5,2.477741666625,NA
"229","Cistus monspeliensis",NA,NA,NA,NA,0.955,NA
"230","Cladium mariscus",1.4,395.48,158.13,NA,2.2378971428,NA
"231","Clematis flammula",NA,289.28,NA,NA,NA,NA
"232","Clematis vitalba",20,238,181.9306757,5633,2.61067654318519,NA
"233","Clematis viticella",3,214.46,189,1557,NA,NA
"234","Clinopodium vulgare",0.375,258,44.77825051,1055,0.425483333333333,NA
"235","Conium maculatum",2.075,213.55,1656.91385666667,54419.815,2.3524,NA
"236","Consolida orientalis",0.35,NA,NA,NA,NA,NA
"237","Consolida regalis",0.225,151.265,16.63,395.68,0.938666666666667,NA
"238","Convolvulus arvensis",0.2626,172.5,40.729062745,1124.75,12.4924,NA
"239","Coriandrum sativum",0.46,139.535,24.0275,1166.75,10.3166666666667,NA
"240","Cornus mas",3.5,216.955,63.4175,1884.57,487.533333333333,NA
"241","Cornus sanguinea",2.375,255,NA,1009.23333333333,79.5914,NA
"242","Corylus avellana",2.83333333333333,283.75,NA,3249.14,805.65,NA
"243","Cotinus coggygria",2,NA,NA,NA,7.96,NA
"244","Cotoneaster salicifolius",5,NA,NA,NA,NA,NA
"245","Crassula tillaea",0.0233333333333333,NA,NA,NA,0.01028,NA
"246","Crataegus laevigata",6,349.89,37.4375,730,275.9989,NA
"247","Crataegus monogyna",4.885,336.142857142857,NA,491.14,167.573325,NA
"248","Crepis biennis",0.575,132.5,189.01499035,6087.5,1.3082,NA
"249","Crepis capillaris",0.275,125.666666666667,51.79898105,1585.66666666667,0.215039166666667,NA
"250","Crepis pulchra",0.35,NA,NA,NA,0.384,NA
"251","Crepis sancta",NA,128,NA,NA,NA,NA
"252","Crepis setosa",0.225,NA,NA,NA,NA,NA
"253","Crepis vesicaria",0.41,167.22,61.2733333333333,1080.5,0.38537,NA
"254","Crithmum maritimum",0.225,92,24.76510501,268,2.10536666666667,NA
"255","Cruciata glabra",0.2,NA,NA,NA,1.43,NA
"256","Cruciata laevipes",0.283333333333333,232.666666666667,2.96324171733333,89.6666666666667,4.4628,NA
"257","Cuscuta epithymum",0.5,NA,NA,NA,0.306166666666667,NA
"258","Cydonia oblonga",4.05,NA,NA,NA,NA,NA
"259","Cymbalaria muralis",0.25,85,29.256895065,875.5,0.123,NA
"260","Cynodon dactylon",0.11,224.17,4.89666666666667,116.25,0.13925,NA
"261","Cynosurus cristatus",0.546666666666667,247.163333333333,11.5967224085,347.333333333333,0.547476923076923,NA
"262","Cynosurus echinatus",0.35,NA,NA,NA,1.3948,NA
"263","Cyperus eragrostis",NA,NA,NA,NA,0.093,NA
"264","Cyperus longus",0.56,241.33,55.57,1247,0.063,NA
"265","Cyperus michelianus",0.06,NA,NA,NA,0.024,NA
"266","Cytisus scoparius",1.05,200,NA,19.6,7.39733333333333,NA
"267","Cytisus villosus",NA,NA,NA,NA,6.86,NA
"268","Dactylis glomerata",0.454,262.5,49.902292548,1449,0.9114225,NA
"269","Dactylorhiza maculata",NA,119.77,54.205,1361,NA,NA
"270","Danthonia decumbens",0.1,338.635,14.61016854,378,1.4583,NA
"271","Daphne laureola",0.725,276.41,161.84,1518.5,103.4,NA
"272","Daphne mezereum",0.7625,186.5,24.1,340.9,43.9,NA
"273","Datura stramonium",1.375,132.235,667.1875,14739.875,9.03373333333333,NA
"274","Daucus carota",0.393,232.045,12.84,NA,1.1628814516129,NA
"275","Deschampsia cespitosa",0.4325,337.294,32.495170197619,342.333958333333,0.211112280710526,NA
"276","Deschampsia flexuosa",0.075,329.55,2.9155,40.575,0.311700900891892,NA
"277","Dianthus carthusianorum",0.26,NA,NA,NA,1.02733333333333,NA
"278","Dianthus sylvestris",0.075,NA,NA,NA,0.452,NA
"279","Digitalis lutea",0.3,171.68,162.49,3647,0.1,NA
"280","Digitaria ischaemum",0.16,165.18,7.37666666666667,109.875,0.748,NA
"281","Digitaria sanguinalis",0.19,170.2,8.625,290.25,0.97,NA
"282","Diplotaxis erucoides",NA,124.58,NA,NA,NA,NA
"283","Diplotaxis muralis",0.17,139.775,33.93,710.5,0.209333333333333,NA
"284","Diplotaxis tenuifolia",0.35,113,113.47877698,2296,0.2836,NA
"285","Diplotaxis viminea",0.065,NA,NA,NA,NA,NA
"286","Dipsacus fullonum",0.9,167,1118.242889,23937,2.70928571428571,NA
"287","Draba muralis",0.111666666666667,171.5,10.451767032,279,0.053991666625,NA
"288","Drosera intermedia",0.035,176.435,0.84,22.04,0.0288,NA
"289","Drosera rotundifolia",0.0825,134.865,2.17,86.75,0.0176076923076923,NA
"290","Dryopteris affinis",1.3,233.555,2172.015,54489.25,NA,NA
"291","Dryopteris dilatata",0.6,277,1949.97279,46655,NA,NA
"292","Dryopteris filix-mas",0.75,295,3953.16974,95617,NA,NA
"293","Echinochloa crus-galli",0.575,189.795,76.90086949,2264.625,2.33476923076923,NA
"294","Echium plantagineum",0.3,NA,NA,NA,2.96782,NA
"295","Echium vulgare",0.433333333333333,142,282.5035784,4523,2.959325,NA
"296","Eleocharis multicaulis",0.3,282.55,22.72,172.5,0.5912,NA
"297","Eleocharis palustris",0.525,217.76,NA,NA,1.01186666666667,NA
"298","Eleusine indica",0.1,222.53,11.83,288.25,0.456,NA
"299","Elodea canadensis",NA,272.4,0.572653061,22,NA,NA
"300","Elymus farctus",NA,288.71,36.9,225.5,12.7102777777778,NA
"301","Elymus pungens",NA,NA,NA,NA,4.8364,NA
"302","Elymus repens",0.75,273.0475,85.637022682,2361.66666666667,2.37525,NA
"303","Epilobium hirsutum",1.03333333333333,208,130.14080997,2833,0.127777777777778,NA
"304","Epilobium lanceolatum",0.35,NA,NA,NA,0.09345,NA
"305","Epilobium montanum",0.35,229.333333333333,91.7561712033333,2187,0.1267,NA
"306","Epilobium parviflorum",0.433333333333333,160.333333333333,24.9194993,779,0.079411111,NA
"307","Epilobium tetragonum",0.441666666666667,NA,NA,NA,0.09521,NA
"308","Epipactis helleborine",NA,204.173333333333,95.035,2582.83333333333,0.004,NA
"309","Epipactis microphylla",0.1,NA,NA,NA,NA,NA
"310","Epipactis palustris",0.275,184.665,49.67,1466,NA,NA
"311","Equisetum arvense",0.325,237.805,178.645,167,NA,NA
"312","Equisetum palustre",0.3,201.8,14.55,NA,NA,NA
"313","Equisetum ramosissimum",0.9,NA,NA,NA,NA,NA
"314","Equisetum telmateia",1.25,118.93,3,50.33,NA,NA
"315","Eragrostis cilianensis",0.15,NA,NA,NA,NA,NA
"316","Eragrostis minor",0.125,237.126666666667,3.015,118.09,0.092,NA
"317","Erica arborea",NA,NA,NA,NA,0.03,NA
"318","Erica scoparia",NA,NA,NA,NA,0.02,NA
"319","Erigeron annuus",0.7875,200.74,41.91,859,NA,NA
"320","Erigeron karvinskianus",NA,NA,NA,NA,0.049818182,NA
"321","Erodium cicutarium",0.6,201.4025,60.198095238,1742.5,1.40968571428571,NA
"322","Erodium moschatum",0.425,117.425,315.3625,8537.49,1.00548,NA
"323","Erophila verna",0.03,166.13,0.26,NA,0.02561,NA
"324","Eryngium campestre",0.28125,236.3075,3445.1425,32000.42,1.37167142857143,NA
"325","Eryngium maritimum",0.308333333333333,136.15,707.8625,6625.63,24.7152,NA
"326","Eschscholzia californica",0.35,NA,NA,NA,1.745,NA
"327","Euonymus europaeus",3.41666666666667,243.5,NA,1181.5,52.1392,NA
"328","Eupatorium cannabinum",1,202,284.17470285,6438.5,0.32999,NA
"329","Euphorbia amygdaloides",0.3675,286.04,13.345,312.75,4.18776,NA
"330","Euphorbia cyparissias",0.175,NA,NA,NA,1.9624,NA
"331","Euphorbia dulcis",0.3,238.54,12.26,420,2.121,NA
"332","Euphorbia esula",0.425,221.935,3.33666666666667,111.625,3.49266666666667,NA
"333","Euphorbia exigua",0.118333333333333,213,1.073333333,28,0.3035,NA
"334","Euphorbia helioscopia",0.2,196.666666666667,12.8750590443333,457,2.44,NA
"335","Euphorbia maculata",NA,NA,NA,NA,0.068,NA
"336","Euphorbia palustris",0.975,323.76,29.88,616,9.4425,NA
"337","Euphorbia paralias",0.25,NA,NA,NA,NA,NA
"338","Euphorbia peplus",0.166666666666667,177,1.765363128,79,0.4935,NA
"339","Euphorbia platyphyllos",0.35,NA,NA,NA,2.4516,NA
"340","Fagopyrum esculentum",0.375,NA,NA,NA,NA,NA
"341","Fagus sylvatica",32.1875,309.25,NA,2027.675,177.0824,NA
"342","Fallopia convolvulus",0.6875,200,44.2627872366667,602.666666666667,4.038,NA
"343","Fallopia dumetorum",1.875,214.703333333333,85.6,1530.47666666667,3.3956,NA
"344","Festuca arundinacea",0.6,234,217.26654915,4002.5,2.04858333333333,NA
"345","Festuca heterophylla",0.275,NA,NA,NA,1.322,NA
"346","Festuca pratensis",0.55,265.255,24.92950873,527.5,1.94775,NA
"347","Filago pyramidata",0.1475,280.13,0.91,32.625,0.0505633333333333,NA
"348","Filipendula vulgaris",0.325,295,141.8009479,3520,0.786672727272727,NA
"349","Foeniculum vulgare",1.7875,234.5,1062.4,9445,2.70466666666667,NA
"350","Fragaria vesca",0.108333333333333,388,132.86116195,2393.5,19.8767266666667,NA
"351","Frangula alnus",3.85714285714286,256,78.8,964.55,125.929142857143,NA
"352","Fraxinus excelsior",26.1428571428571,256.5,NA,1426.54,58.4213475,NA
"353","Fraxinus ornus",6.5,NA,NA,NA,65.1,NA
"354","Fumaria bastardii",1,NA,NA,NA,2.5258,NA
"355","Fumaria capreolata",0.825,NA,NA,NA,3.6716,NA
"356","Fumaria officinalis",0.6,133,7.147196262,266,3.09202857142857,NA
"357","Galanthus nivalis",0.14,102.88,46.75,1403.5,6.392,NA
"358","Galega officinalis",0.9,127.73,217.7675,8986,8.13991111111111,NA
"359","Galium album",0.875,NA,NA,NA,0.526,NA
"360","Galium aparine",0.708333333333333,140,5.69581057933333,161.333333333333,9.44548666666667,NA
"361","Galium debile",0.2125,NA,NA,NA,NA,NA
"362","Galium lucidum",0.375,NA,NA,NA,0.793333333333333,NA
"363","Galium mollugo",0.5,169.456666666667,2.36959020466667,80.5,0.732290909090909,NA
"364","Galium palustre",0.435,181.26,0.7408707325,32.5,0.9095,NA
"365","Galium parisiense",0.19875,200.1,0.58,13.6,0.2609806338,NA
"366","Galium rotundifolium",0.15,140.34,1.955,110,0.955333333333333,NA
"367","Galium spurium",0.65,NA,NA,NA,1.95308,NA
"368","Galium verum",0.383333333333333,228.1325,0.803690617333333,15.6666666666667,0.5059708333125,NA
"369","Gastridium ventricosum",NA,NA,NA,NA,0.0998756755,NA
"370","Gaudinia fragilis",0.275,NA,NA,NA,NA,NA
"371","Genista germanica",0.4,NA,NA,NA,2.878,NA
"372","Genista pilosa",0.2175,370.595,1.66666666666667,20.6,2.669,NA
"373","Genista tinctoria",0.5125,248,7.5744204,134.69,3.57154285714286,NA
"374","Geranium columbinum",0.266666666666667,268,20.3771889975,560.5,3.5732,NA
"375","Geranium dissectum",0.266666666666667,238,46.47570334,1074.66666666667,2.56533333333333,NA
"376","Geranium lucidum",0.191666666666667,193.5,35.83756135,934.5,0.735,NA
"377","Geranium molle",0.183333333333333,186.666666666667,26.70498686,709.666666666667,1.086875,NA
"378","Geranium nodosum",NA,NA,NA,NA,5.978,NA
"379","Geranium purpureum",0.225,NA,NA,NA,1.86956,NA
"380","Geranium pusillum",0.183333333333333,201.666666666667,74.34298168,1898.66666666667,0.800636363636364,NA
"381","Geranium robertianum",0.216666666666667,185.666666666667,41.1824691966667,1224,1.45325833333333,NA
"382","Geranium rotundifolium",0.175,NA,NA,NA,1.70568,NA
"383","Geranium sanguineum",0.216666666666667,259,57.27194464,1167,9.67606666666667,NA
"384","Geranium sylvaticum",0.277,218.4,93.1264914285714,1889.33884615385,6.01977777777778,NA
"385","Geum urbanum",0.366666666666667,302,151.9693888,3441,2.047383333375,NA
"386","Gladiolus communis",0.6,NA,NA,NA,NA,NA
"387","Glaucium flavum",0.4975,147.33,280.905,4986,0.932057142857143,NA
"388","Glechoma hederacea",0.27,160,20.9567014945,882,0.6684,NA
"389","Gleditsia triacanthos",30,NA,NA,NA,185.2,NA
"390","Glyceria fluitans",0.5,277.9,28.6974854966667,1118.58333333333,1.1985,NA
"391","Glyceria maxima",1.3,248.58,307.323307,9863,0.571,NA
"392","Gratiola officinalis",0.275,188.87,5.97,158.75,0.0253333333333333,NA
"393","Hedera helix",12.35,253.777777777778,NA,1736.53333333333,73.695175,NA
"394","Helianthemum apenninum",0.133333333333333,NA,NA,NA,1.307,NA
"395","Helianthemum nummularium",0.114,264,5.539920949,72.025,1.09072727272727,NA
"396","Helianthemum oelandicum",NA,NA,NA,NA,0.51,NA
"397","Helianthemum salicifolium",NA,NA,NA,NA,0.29,NA
"398","Helianthus annuus",1.8,131.12,534,10901,NA,NA
"399","Helianthus tuberosus",1.75,125.95,628.25,19578.5,NA,NA
"400","Heliotropium europaeum",0.2,NA,NA,NA,NA,NA
"401","Helleborus foetidus",0.3375,180.71,467.55,8718.08333333333,11.3584,NA
"402","Helleborus viridis",0.258333333333333,236,2428.443626,27262,9.1538,NA
"403","Hemerocallis fulva",0.525,NA,NA,NA,NA,NA
"404","Hemerocallis lilioasphodelus",0.4,NA,NA,NA,30.66,NA
"405","Herniaria hirsuta",0.0975,210.23,0.513333333333333,14.125,0.0561675,NA
"406","Hieracium murorum",0.135,124.175,102.0575,4069.375,0.4,NA
"407","Hieracium racemosum",0.225,NA,NA,NA,NA,NA
"408","Hieracium sabaudum",0.8,112,37.095,1637,0.4701,NA
"409","Hippocrepis comosa",0.163333333333333,233.166666666667,17.024,218.166666666667,3.74848888888889,NA
"410","Holcus lanatus",0.325,230.1775,21.803608515,970.833333333333,0.406916666666667,NA
"411","Holcus mollis",0.275,216,30.11501273,1053.5,0.3484,NA
"412","Hordeum marinum",0.1275,221,0.67,31.5,NA,NA
"413","Hordeum murinum",0.3075,197.183333333333,12.035450072,519.8125,9.2693402598,NA
"414","Hordeum secalinum",0.325,240,14.264796275,473,3.68253846153846,NA
"415","Hordeum vulgare",1.0075,175.29,156.405,2321.83333333333,40.905,NA
"416","Hornungia petraea",0.0616666666666667,143,0.736842105,14,0.0712666666666667,NA
"417","Hottonia palustris",0.4,46.72,1.68,151.17,0.1348,NA
"418","Humulus lupulus",5.5,292.5,436.38856055,7711,4.11258333333333,NA
"419","Hyacinthoides hispanica",NA,65.5,156.53993425,4262.5,7.2,NA
"420","Hyacinthus orientalis",0.275,NA,NA,NA,NA,NA
"421","Hydrocotyle vulgaris",0.2125,123.356,20.26188268,655,0.36,NA
"422","Hypericum androsaemum",0.55,NA,NA,NA,0.1024,NA
"423","Hypericum calycinum",0.3,329,142.9710726,1641,NA,NA
"424","Hypericum elodes",0.158333333333333,211.07,3.96,106,0.0749333333333333,NA
"425","Hypericum humifusum",0.09125,274.925,1.4825,42.875,0.0469740741111111,NA
"426","Hypericum montanum",0.35,274,18.03420428,444,0.0645846153846154,NA
"427","Hypericum perforatum",0.358333333333333,303,8.724819986,147.333333333333,0.118575,NA
"428","Hypericum tetrapterum",0.358333333333333,198.5,6.3595244015,223,0.04194,NA
"429","Hypochaeris glabra",0.1725,102.97,12.577366094,406.333333333333,0.623514,NA
"430","Iberis umbellata",0.245,149.45,16.665,490.25,1.743,NA
"431","Ilex aquifolium",11.95,261.875,NA,1576.525,50.6104,NA
"432","Iris foetidissima",NA,297.6,836.08175635,8748,101.2606,NA
"433","Iris pseudacorus",0.75,180.863333333333,1371.25183233333,20873.75,46.8642111111111,NA
"434","Isatis tinctoria",0.65,154.525,98.2175,1459.375,4.319,NA
"435","Jasione montana",0.15,210,0.95,36.5,0.0289604078461538,NA
"436","Juglans nigra",22.5,NA,NA,NA,12500,NA
"437","Juglans regia",15,240,NA,3909.7,4753,NA
"438","Juncus acutiflorus",0.525,220,174.6666667,1200,0.0200111111111111,NA
"439","Juncus articulatus",0.325,202.9525,52.2892144725,485.4375,0.0206111111111111,NA
"440","Juncus bufonius",NA,136.5,4.5513273475,80.5,0.0251263636363636,NA
"441","Juncus bulbosus",0.09,228.525,1.58,25.8075,0.0204285714285714,NA
"442","Juncus conglomeratus",0.72,284.18,490.1,2393,0.0181230769230769,NA
"443","Juncus effusus",0.9,267.85,575,3514.5,0.0186074074444444,NA
"444","Juncus inflexus",0.45,322.41,688.765,2219.25,0.0753834782608696,NA
"445","Juncus maritimus",0.65,405.7,433.8,1090,0.03533,NA
"446","Juncus subnodulosus",0.725,189,507.0784722,2080,0.01532,NA
"447","Juncus tenageia",0.115,134.54,0.93,28,0.016,NA
"448","Juncus tenuis",0.4075,109.57,14.45,276.5,0.0185,NA
"449","Juniperus communis",6.02,510.01,NA,NA,8.76775,NA
"450","Juniperus oxycedrus",NA,454.6,NA,NA,NA,NA
"451","Kickxia elatine",0.263333333333333,172.5,NA,133.477,0.356666666666667,NA
"452","Kickxia spuria",0.263333333333333,177.333333333333,NA,NA,0.3755,NA
"453","Knautia arvensis",0.433333333333333,183.666666666667,140.7851567,2871.33333333333,4.13155757572727,NA
"454","Knautia drymeia",0.4,NA,NA,NA,2.6,NA
"455","Laburnum anagyroides",6.875,223.666666666667,NA,1001.16666666667,27.769,NA
"456","Lactuca perennis",0.25,140.22,109.56,2336.33,1.56,NA
"457","Lactuca saligna",0.3,NA,NA,NA,0.66045,NA
"458","Lactuca sativa",0.6,NA,NA,NA,1.2,NA
"459","Lactuca serriola",0.675,191,397.1180185,5993,0.5437,NA
"460","Lactuca virosa",0.8525,173.58,304.153876116667,7390.7,0.8365,NA
"461","Lagurus ovatus",NA,NA,NA,NA,0.55,NA
"462","Lamium amplexicaule",0.133333333333333,135,8.462668666,167,0.5788,NA
"463","Lamium maculatum",0.375,197,47.04573503,1371.44,1.6085333334,NA
"464","Lamium purpureum",0.225,139.8,11.3188013666667,537.498,0.7016,NA
"465","Lapsana communis",0.5,127,98.979228535,4966,1.0212,NA
"466","Lathyrus aphaca",0.6125,NA,NA,NA,21.7277,NA
"467","Lathyrus cicera",NA,228,NA,NA,NA,NA
"468","Lathyrus hirsutus",0.65,NA,NA,NA,32.42,NA
"469","Lathyrus latifolius",2,220,435.7653916,7017,47.254,NA
"470","Lathyrus nissolia",0.375,201.073333333333,54.45319753,975.116666666667,9.207,NA
"471","Lathyrus odoratus",0.8,200.565,86.4725,2480.75,73.804,NA
"472","Lathyrus pratensis",0.566666666666667,273.666666666667,6.958663343,158.333333333333,12.5195055555833,NA
"473","Lathyrus sphaericus",NA,NA,NA,NA,16.661,NA
"474","Lathyrus sylvestris",1.33333333333333,NA,NA,NA,39.27264,NA
"475","Lathyrus vernus",0.255,198.0975,132.091666666667,4380,16.258,NA
"476","Laurus nobilis",NA,NA,NA,NA,714.3,NA
"477","Lavandula angustifolia",0.3,NA,NA,NA,1.28,NA
"478","Lavandula latifolia",NA,NA,NA,NA,0.95,NA
"479","Legousia speculum-veneris",0.1725,138.64,1.915,103.75,0.194,NA
"480","Lemna gibba",0.0045,114.13,0.155,3.35,NA,NA
"481","Lemna minor",0.004,107,0.481395349,9,NA,NA
"482","Leontodon hispidus",0.235,139.748,69.7610738788889,2280.66666666667,1.11426666664706,NA
"483","Leontodon tuberosus",NA,NA,NA,NA,0.508945,NA
"484","Leonurus cardiaca",0.65,NA,NA,NA,0.95216,NA
"485","Lepidium campestre",0.2925,206.795,17.0929116466667,416.5,2.1738,NA
"486","Lepidium graminifolium",0.475,NA,NA,NA,0.754,NA
"487","Leucanthemum vulgare",0.364,129.666666666667,27.1214530225,669.666666666667,0.383433333333333,NA
"488","Leucojum aestivum",0.475,82.52,300,7415,46.3548,NA
"489","Leucojum vernum",0.1,84.97,95.96,3173.75,12.0404,NA
"490","Levisticum officinale",1.2,196,2507.6,67588,1.394,NA
"491","Ligustrum vulgare",3.7,273,NA,626.9,35.438425,NA
"492","Lilium bulbiferum",0.6,140.52,26.795,461,7.4,NA
"493","Limonium vulgare",0.165,191.26,271.838,2687.83333333333,1.0691,NA
"494","Linaria vulgaris",0.416666666666667,189.25,5.67828227766667,105.3945,0.174676923076923,NA
"495","Lindernia dubia",0.1,NA,NA,NA,NA,NA
"496","Linum bienne",0.375,NA,NA,NA,1.2354,NA
"497","Linum strictum",NA,NA,NA,NA,0.32,NA
"498","Linum tenuifolium",0.3,NA,NA,NA,1.29,NA
"499","Linum usitatissimum",0.45,163.445,0.905,41.5,5.07,NA
"500","Lobelia erinus",0.185,NA,NA,NA,0.038,NA
"501","Lobularia maritima",0.146666666666667,NA,NA,NA,0.224050633,NA
"502","Logfia minima",0.125,367.185,0.2,6.635,0.025341,NA
"503","Lolium multiflorum",0.325,265,26.82177515,606,2.9086,NA
"504","Lolium perenne",0.125,214.3975,14.5298595333333,402,1.97511111111111,NA
"505","Lolium rigidum",NA,NA,0.00805,201,NA,NA
"506","Lolium temulentum",0.65,219.53,61.67,1476.5,NA,NA
"507","Lonicera caprifolium",4.875,250.63,74.6525,1630.125,8.04,NA
"508","Lonicera etrusca",NA,278.5,NA,NA,NA,NA
"509","Lotus angustissimus",0.0975,NA,NA,NA,0.4552,NA
"510","Lotus corniculatus",0.429166666666667,186,4.49923305066667,132,1.4034375,NA
"511","Lotus pedunculatus",0.2625,207.813333333333,16.1518002866667,511,4.62866666666667,NA
"512","Lotus tenuis",0.9,151.31,3.89,96.85,NA,NA
"513","Ludwigia palustris",0.12,205.2325,7.28,258.87,0.045,NA
"514","Lunaria annua",0.45,114.865,226.565,7897.83333333333,18.933,NA
"515","Lupinus angustifolius",0.45,NA,NA,NA,54.5265333333333,NA
"516","Luzula campestris",0.27,245.74,4.315,73,0.676883076923077,NA
"517","Luzula forsteri",0.15,NA,NA,NA,1.3132,NA
"518","Luzula pilosa",0.15,228,26.46637744,664,0.9704,NA
"519","Lycium barbarum",2.16666666666667,163.93,84.8366666666667,1310.875,NA,NA
"520","Lycopus europaeus",0.566666666666667,103.92,29.4,1814.75,0.233163636363636,NA
"521","Lycopus exaltatus",0.9,NA,NA,NA,0.294,NA
"522","Lysimachia nummularia",0.45,227.65,10.07904268,284.333333333333,0.5,NA
"523","Lysimachia punctata",0.55,246,129.304382,2841,0.4445,NA
"524","Lysimachia vulgaris",0.896,242.623333333333,95.08408684,2539.25,0.3224,NA
"525","Lythrum hyssopifolia",0.311666666666667,218.27,0.49,12.5,0.332078947368421,NA
"526","Lythrum portula",0.103333333333333,277,1.289932886,31,0.0332,NA
"527","Lythrum salicaria",0.708333333333333,179.845,51.07559052,1742.375,0.085928,NA
"528","Malus sylvestris",6,248.8,200.25424625,2910.14,23.634,NA
"529","Malva alcea",0.65,136.21,49.95,1375.5,3.9,NA
"530","Malva sylvestris",0.575,171.22,341.6,7727.5,2.96045714285714,NA
"531","Marsilea quadrifolia",0.1,NA,NA,NA,NA,NA
"532","Matthiola incana",0.476666666666667,119.17,26.485,590,2.06,NA
"533","Medicago arabica",0.308333333333333,189.07,19.0475,675.585,1.8786,NA
"534","Medicago lupulina",0.25,196,17.27838062,509.333333333333,1.77992777775,NA
"535","Medicago minima",0.10625,250.5,NA,NA,0.89672,NA
"536","Medicago polymorpha",0.3625,224.065,33.205,667.25,2.946,NA
"537","Medicago rigidula",NA,NA,NA,NA,2.865,NA
"538","Medicago sativa",NA,218.666666666667,29.1877923166667,1288,2.73133333333333,NA
"539","Melica ciliata",0.36,506.78,11.175,204.03,0.8515135135,NA
"540","Melica transsilvanica",NA,NA,NA,NA,0.617,NA
"541","Melica uniflora",0.325,NA,NA,NA,2.89996363636364,NA
"542","Melilotus officinalis",1.075,237.666666666667,46.8907955283333,607,2.95879473684211,NA
"543","Melissa officinalis",0.525,NA,NA,NA,0.58,NA
"544","Melittis melissophyllum",0.3,148.295,45.22,2586.75,5.39,NA
"545","Mentha aquatica",0.383333333333333,179.62,40.615563575,1722.4375,0.128323809571429,NA
"546","Mentha longifolia",0.725,194.905,61.885,1777,0.064,NA
"547","Mentha pulegium",0.166666666666667,179.3,6.32,198.27,0.077032,NA
"548","Mentha spicata",0.475,234.4,54.62655902,1057.6,NA,NA
"549","Mentha suaveolens",0.575,181.94,56.8633333333333,1483.75,0.0465,NA
"550","Menyanthes trifoliata",0.176666666666667,193.726666666667,211.286,4425.16666666667,2.97472,NA
"551","Mercurialis annua",0.25,165.385,17.075,759.855,2.32230909090909,NA
"552","Mercurialis perennis",0.216666666666667,224.5,83.870610815,1890.5,5.55142857142857,NA
"553","Mespilus germanica",6.375,325.545,180.385,2747.5,60.83,NA
"554","Meum athamanticum",0.235,NA,NA,NA,7.37226666666667,NA
"555","Minuartia hybrida",0.0716666666666667,321.95,0.17,3.58,0.04395,NA
"556","Misopates orontium",0.343333333333333,134.215,9.86,202.625,0.15686,NA
"557","Moehringia muscosa",0.1,NA,NA,NA,NA,NA
"558","Moehringia trinervia",0.175,179.333333333333,2.397892544,81.3333333333333,0.21,NA
"559","Moenchia erecta",0.0483333333333333,NA,NA,NA,0.07153,NA
"560","Molinia caerulea",0.7875,369.716666666667,56.85673155,1286.625,0.714553846153846,NA
"561","Monotropa hypopitys",0.135,NA,NA,NA,0.003,NA
"562","Montia fontana",0.163333333333333,108.59,0.4216666665,15.55,0.2625,NA
"563","Morus nigra",8,NA,NA,NA,1.6,NA
"564","Muscari botryoides",0.15,94.33,51.85,1533,3.37,NA
"565","Muscari neglectum",0.115,NA,NA,NA,3.20624,NA
"566","Myagrum perfoliatum",0.24,114.64,41.77,1211.5,20.88,NA
"567","Myosotis arvensis",0.23,123,28.22270336,759.5,0.2927,NA
"568","Myosotis laxa",0.21125,122.3725,6.86943783916667,326.9375,0.224,NA
"569","Myosotis ramosissima",0.101666666666667,146.666666666667,9.06432748533333,187,0.20185,NA
"570","Myosotis scorpioides",0.278333333333333,142.6375,17.645238216,1086.0625,0.3013,NA
"571","Myosotis sylvatica",0.216666666666667,146,19.72615528,613.333333333333,0.53825,NA
"572","Myriophyllum spicatum",1,240.22,3.8,33.825,1.2705,NA
"573","Myrtus communis",NA,NA,NA,NA,19.605,NA
"574","Narcissus poeticus",NA,127,238.984636,4582,NA,NA
"575","Narcissus pseudonarcissus",0.225,137.5,92.41273817,1773.5,5.81173333333333,NA
"576","Nasturtium officinale",0.24,97.5,29.09564568,1435,0.1932,NA
"577","Nigella arvensis",0.23,174.8,8.135,188.54,2,NA
"578","Nigella damascena",0.3875,179.6,80.92,2361,2.1095,NA
"579","Nymphaea alba",0.03,181,2682.7,39342,1.90181818181818,NA
"580","Oenanthe aquatica",0.6,136.45,209.953333333333,4890.25,2.7778,NA
"581","Oenanthe fistulosa",0.425,132.875,14.7166666666667,420.155,4.39111428571429,NA
"582","Oenanthe lachenalii",1,190.9,77.06,1180.92,1.50885714285714,NA
"583","Oenanthe peucedanifolia",0.375,NA,NA,NA,1.85266666666667,NA
"584","Oenanthe pimpinelloides",0.475,NA,NA,NA,2.1928,NA
"585","Oenanthe silaifolia",0.6875,NA,NA,NA,1.691,NA
"586","Oenothera biennis",0.658333333333333,NA,NA,14200,0.57863333325,NA
"587","Oenothera rosea",0.12,201.575,9.975,317.58,NA,NA
"588","Onobrychis viciifolia",0.275,244.2425,164.049656625,3134.4375,20.11705,NA
"589","Ononis reclinata",0.035,NA,NA,NA,0.738,NA
"590","Ononis spinosa",0.275,NA,NA,NA,4.95110769230769,NA
"591","Ophioglossum vulgatum",0.125,110,60.015712135,1487,NA,NA
"592","Ophrys apifera",0.15,139,29.662721895,612.5,NA,NA
"593","Ophrys sphegodes",0.135,101.61,24.335,771.75,NA,NA
"594","Orchis mascula",0.165,122.69,142.260687476667,2527.66666666667,NA,NA
"595","Orchis militaris",0.2,111.96,292.82,6088,0.001,NA
"596","Orchis simia",0.25,102.5,130.69,3413.25,NA,NA
"597","Origanum majorana",0.325,NA,NA,NA,0.315,NA
"598","Origanum vulgare",0.408333333333333,233,23.36623932,511,0.09555,NA
"599","Orlaya grandiflora",0.2825,168.19,76.13,1618,12.833,NA
"600","Ornithogalum orthophyllum",0.075,NA,NA,NA,NA,NA
"601","Ornithogalum umbellatum",0.2,83,116.99877,725,NA,NA
"602","Ornithopus compressus",NA,NA,NA,NA,2.09633333333333,NA
"603","Ornithopus pinnatus",0.075,NA,NA,NA,1.0616,NA
"604","Orobanche hederae",0.225,NA,NA,NA,0.006,NA
"605","Orobanche minor",0.35,NA,NA,NA,0.016225,NA
"606","Orobanche purpurea",0.225,NA,NA,NA,0.0092996,NA
"607","Orobanche rapum-genistae",0.35,NA,NA,NA,NA,NA
"608","Orobanche reticulata",0.2375,NA,NA,NA,NA,NA
"609","Osmunda regalis",1,278.025,12365.9375,164635.19,NA,NA
"610","Oxalis acetosella",0.0925,129.785,7.689057145,806,0.961,NA
"611","Oxalis articulata",0.35,NA,NA,NA,NA,NA
"612","Oxalis corniculata",0.15,149.72,2.62,220.78,0.1884,NA
"613","Oxalis pes-caprae",0.2,NA,NA,NA,NA,NA
"614","Oxalis stricta",0.175,NA,NA,NA,0.175,NA
"615","Papaver dubium",0.474,175.75,224.6422113475,4627,0.1185,NA
"616","Papaver rhoeas",0.3675,143,166.81395105,4986.5,0.109333333333333,NA
"617","Papaver somniferum",0.7,177.78,272,10398,0.454666666666667,NA
"618","Parapholis incurva",NA,NA,NA,NA,2.3432,NA
"619","Parentucellia latifolia",NA,NA,NA,NA,0.0185433333333333,NA
"620","Parentucellia viscosa",0.2,NA,NA,NA,0.01768,NA
"621","Parietaria judaica",0.3125,185.5,24.25055129,857,0.200185714285714,NA
"622","Parietaria officinalis",0.65,147.535,46.6875,2965,0.389,NA
"623","Paris quadrifolia",0.2,176,37.85083333,1325,119.6368,NA
"624","Parthenocissus inserta",10,220.24,708.54,13662.25,20.42,NA
"625","Pastinaca sativa",0.6,152,382.97528855,14914.5,3.90314285714286,NA
"626","Petasites albus",0.425,121.063333333333,919.5,23322.5833333333,0.234,NA
"627","Petasites hybridus",0.575,201.5,7596.7887335,139875,0.23038,NA
"628","Petrorhagia nanteuilii",0.5,NA,NA,NA,0.2552,NA
"629","Petrorhagia prolifera",0.3875,231.15,3.345,58.25,0.3506114286,NA
"630","Petrorhagia saxifraga",0.2,237,NA,NA,0.16,NA
"631","Petroselinum crispum",0.575,NA,NA,NA,1.128,NA
"632","Peucedanum palustre",0.8575,212.952857142857,587.358571428571,9407.28571428571,2.861,NA
"633","Phacelia tanacetifolia",0.575,131.55,120.36,3123,1.199,NA
"634","Phalaris arundinacea",1.45,263,128.7016232,3366,0.652637037,NA
"635","Philadelphus coronarius",2.75,NA,NA,NA,NA,NA
"636","Phillyrea latifolia",NA,417.5,NA,NA,28.9,NA
"637","Phleum arenarium",0.075,NA,NA,NA,0.211733333333333,NA
"638","Phleum pratense",0.371,276.142857142857,9.90727713383333,380,0.58775,NA
"639","Phragmites australis",2.5,403.1,348.394385533333,6925.875,0.134285714285714,NA
"640","Physalis alkekengi",0.625,NA,NA,NA,1.558,NA
"641","Physospermum cornubiense",0.525,NA,NA,NA,8.20653333333333,NA
"642","Phytolacca americana",3,NA,NA,NA,NA,NA
"643","Picea abies",50,NA,NA,NA,6.66366666666667,NA
"644","Picea pungens",35,NA,NA,NA,4.2,NA
"645","Picris hieracioides",0.6375,182.652,77.42508472,2327.55,1.108,NA
"646","Pinus nigra",40,NA,NA,NA,23.9,NA
"647","Pinus pinaster",30,NA,NA,NA,69,NA
"648","Pinus sylvestris",34.5,299.114285714286,10.81,65.9428571428572,7.572,NA
"649","Pistacia lentiscus",NA,NA,NA,NA,28.17,NA
"650","Pisum sativum",0.65,NA,NA,NA,234.542666666667,NA
"651","Plantago coronopus",0.03625,102.65,10.0528403756667,187.6875,0.1661875,NA
"652","Plantago lagopus",NA,NA,NA,NA,0.3625,NA
"653","Plantago lanceolata",0.16125,166.90125,82.787456325,2567,1.61675087721053,NA
"654","Plantago major",0.37,107,1016.91327,30968,0.267838095285714,NA
"655","Plantago media",0.171666666666667,145.333333333333,297.734964233333,4827.66666666667,0.385075,NA
"656","Platanthera bifolia",0.16,112.29,95.52,2532.75,NA,NA
"657","Poa annua",0.085,241.25,3.2107676125,138.333333333333,0.223701578947368,NA
"658","Poa bulbosa",0.11,215.06,0.8,16.08,0.404312,NA
"659","Poa compressa",0.375,282.333333333333,7.362884197,170,0.204577777777778,NA
"660","Poa nemoralis",0.5,319,8.8386436935,536.5,0.181745454545455,NA
"661","Poa palustris",0.8175,334.45,1.3,55,0.15525,NA
"662","Poa pratensis",0.3,308.59,35.79994805,1025,0.272595238142857,NA
"663","Poa trivialis",NA,252.36,7.07466633866667,237.833333333333,0.16493333325,NA
"664","Polycarpon tetraphyllum",0.1675,NA,NA,NA,0.0315825,NA
"665","Polygala alpestris",0.075,NA,NA,NA,NA,NA
"666","Polygala nicaeensis",NA,NA,NA,NA,1.58,NA
"667","Polygala vulgaris",0.0533333333333333,221.103333333333,2.44147959175,53.5425,1.74691428571429,NA
"668","Polygonatum multiflorum",0.445,148.21,48.355,2038.25,94.4226857142857,NA
"669","Polygonatum odoratum",0.3,167.22,86.835,2270,264.304333333333,NA
"670","Polygonatum verticillatum",0.42,147.63,24.28,1003,66.47416665,NA
"671","Polygonum arenastrum",0.1125,NA,NA,NA,1.33032,NA
"672","Polygonum aviculare",1.1375,207.5,13.0084166415,361.5,1.82,NA
"673","Polygonum maritimum",0.5,NA,NA,NA,3.553,NA
"674","Polypodium interjectum",NA,297.735,374.0725,5757.75,NA,NA
"675","Polypodium vulgare",0.3,289,525.33116625,6246,NA,NA
"676","Polypogon monspeliensis",NA,NA,NA,NA,0.13936,NA
"677","Polystichum setiferum",0.8,NA,NA,NA,NA,NA
"678","Populus alba",23.25,NA,NA,NA,0.12,NA
"679","Populus nigra",25,304.965,240.4625,2784.625,0.8,NA
"680","Populus tremula",19.5,369.835,165.02125,2513.3125,0.1,NA
"681","Portulaca oleracea",0.166666666666667,108.92,1.395,25.725,0.33592,NA
"682","Potentilla erecta",0.166666666666667,303.956666666667,5.734158679,148.5,0.4821375,NA
"683","Potentilla micrantha",0.075,NA,NA,NA,0.627,NA
"684","Potentilla reptans",0.358333333333333,240.6475,53.724764885,2176.5,0.271025,NA
"685","Primula veris",0.133333333333333,214.666666666667,245.141161463333,4080.66666666667,0.803173333333333,NA
"686","Primula vulgaris",0.115,154,224.4014594,6409,1.13632,NA
"687","Prunella laciniata",0.123333333333333,NA,NA,NA,1.1854266666,NA
"688","Prunella vulgaris",0.123333333333333,164.37,16.108351258,675.333333333333,0.688757142857143,NA
"689","Prunus armeniaca",3.5,NA,NA,NA,1177.9,NA
"690","Prunus avium",12.24,NA,NA,NA,390.044971428571,NA
"691","Prunus cerasifera",5,NA,NA,NA,454.5,NA
"692","Prunus laurocerasus",4,267.5,NA,5863.875,262.55,NA
"693","Prunus mahaleb",5,288.81,34.215,753.4,87.7,NA
"694","Prunus persica",8,NA,NA,NA,2941.2,NA
"695","Prunus spinosa",1.952,313.5,NA,472.25,448.235355555556,NA
"696","Pteridium aquilinum",0.975,298,NA,NA,NA,NA
"697","Puccinellia distans",NA,179,8.384732587,282,0.237125,NA
"698","Pulicaria dysenterica",0.45,142.5,39.326361505,1199.5,0.0895,NA
"699","Punica granatum",NA,NA,NA,NA,10.14,NA
"700","Pyrus communis",20,NA,NA,NA,25,NA
"701","Quercus cerris",35,306,NA,2919.4,3033.35,NA
"702","Quercus ilex",NA,446.486666666667,NA,851,3139.7,NA
"703","Quercus pubescens",11.5,453.846666666667,336.9125,3945,NA,NA
"704","Quercus robur",40,280,NA,2073.53333333333,3487.46666666667,NA
"705","Quercus suber",NA,NA,NA,NA,3539.8,NA
"706","Radiola linoides",0.03875,232.595,0.133333333333333,3.22,0.01185,NA
"707","Ranunculus acris",0.2575,197.05,36.8880126526316,620.705161290323,1.72743,NA
"708","Ranunculus arvensis",0.308333333333333,139,21.02608696,576,12.6125666666667,NA
"709","Ranunculus bulbosus",0.175,188.333333333333,55.8249725833333,1081.33333333333,2.86775396828571,NA
"710","Ranunculus flammula",0.215,173.91,33.40150528,656.583333333333,0.4472,NA
"711","Ranunculus lanuginosus",0.425,153.62,236.14,5917.375,1.3,NA
"712","Ranunculus lingua",0.8175,196.3,173.53,2416.75,1.70236666666667,NA
"713","Ranunculus muricatus",0.2,NA,NA,NA,NA,NA
"714","Ranunculus ophioglossifolius",0.175,NA,NA,NA,0.4512,NA
"715","Ranunculus parviflorus",0.175,NA,NA,NA,1.1696,NA
"716","Ranunculus peltatus",NA,102.393333333333,9.4185,300.666666666667,0.382266666666667,NA
"717","Ranunculus repens",0.241666666666667,181.104,193.94,3593.55555555556,2.24169696972727,NA
"718","Ranunculus sardous",0.166666666666667,125.11,21.235,734.5,1.38412,NA
"719","Ranunculus sceleratus",0.258333333333333,123.04,39.0731315533333,1115.375,0.130333333333333,NA
"720","Ranunculus trichophyllus",NA,161.223333333333,5.78333333333333,150.5,0.269466666666667,NA
"721","Raphanus raphanistrum",0.32,120,286.623364713333,6127.33333333333,26.23965,NA
"722","Rapistrum rugosum",0.5125,177,28.3,651,3.13,NA
"723","Reseda alba",0.45,127.505,56.8495701333333,1692.625,0.562,NA
"724","Reseda lutea",0.366666666666667,155.333333333333,59.3915360233333,1090,0.677133333333333,NA
"725","Reseda luteola",0.6925,166.4425,58.982271808,1097.125,0.292012121181818,NA
"726","Rhagadiolus stellatus",NA,NA,NA,NA,0.59,NA
"727","Rhinanthus alectorolophus",0.45,NA,NA,NA,3.64,NA
"728","Rhus typhina",4.5,NA,NA,NA,9.2,NA
"729","Rhynchospora alba",0.25,334.91,16.09,288,0.44684,NA
"730","Rorippa amphibia",0.625,110,320.3,12853,1.873,NA
"731","Rorippa sylvestris",0.283333333333333,106.5,39.464452345,1154.33333333333,0.0939222222222222,NA
"732","Rosa agrestis",1.33333333333333,376.105,32.785,337.65,18.7504,NA
"733","Rosa canina",1.66666666666667,NA,NA,NA,281.044625,NA
"734","Rosa corymbifera",1.75,NA,NA,NA,NA,NA
"735","Rosa micrantha",1.5275,387,NA,NA,141.81810239,NA
"736","Rosmarinus officinalis",NA,NA,NA,NA,1.15,NA
"737","Rubia peregrina",0.381333333333333,226.946666666667,26.85598549,303,19.9590666666667,NA
"738","Rubus caesius",0.475,386.666666666667,553.580980866667,9655.33333333333,3.7628451,NA
"739","Rubus fruticosus",NA,262.666666666667,NA,2061.8,NA,NA
"740","Rubus ulmifolius",1.25,NA,NA,NA,2.5804,NA
"741","Rumex acetosa",0.505,102.11,128.532104972,2014.9275,0.944641666666667,NA
"742","Rumex acetosella",0.15,113.932,9.713070759,204.666666666667,0.36007,NA
"743","Rumex conglomeratus",0.725,179,190.2946116,4190,0.899563157894737,NA
"744","Rumex crispus",0.641666666666667,105,239.6959134,6290,2.32424285714286,NA
"745","Rumex maritimus",0.625,135.845,215.54662385,5718,0.2308625,NA
"746","Rumex obtusifolius",0.508333333333333,145.763333333333,1449.891121,43260.25,1.155,NA
"747","Rumex patientia",1.05,NA,NA,NA,1.9,NA
"748","Rumex pulcher",0.25,NA,NA,NA,2.26999279266667,NA
"749","Rumex sanguineus",0.7875,202,188.9898072,4734,1.06821,NA
"750","Ruppia maritima",NA,186.13,0.73,41,NA,NA
"751","Ruscus aculeatus",NA,248,NA,NA,NA,NA
"752","Ruta graveolens",0.375,NA,NA,NA,1.9835,NA
"753","Sagina apetala",0.04,238.666666666667,0.321621621666667,4.66666666666667,0.0125278571428571,NA
"754","Sagina procumbens",0.13,217,0.425,8,0.0157037036666667,NA
"755","Sagittaria sagittifolia",0.42,106.134,354.65,6404.9,1.55783333333333,NA
"756","Salix alba",15.1666666666667,298.615,63.3575,782.125,0.12,NA
"757","Salix caprea",6,255.333333333333,NA,2046.325,0.0968,NA
"758","Salix cinerea",2.75,438.765,152.705,662.875,0.067,NA
"759","Salix purpurea",2.16666666666667,NA,NA,NA,0.09,NA
"760","Salsola kali",0.5125,86.74,6.835,62.5,5.8276,NA
"761","Salvia glutinosa",0.475,102.89,213.42,11482.75,4.682,NA
"762","Salvia officinalis",0.375,239.133333333333,53.898,916.833333333333,6.58,NA
"763","Salvia sclarea",NA,NA,NA,NA,2.4,NA
"764","Salvia verbenaca",0.425,NA,NA,NA,3.0244,NA
"765","Sambucus ebulus",0.85,173.85,978.51908015,18801.25,63.6874,NA
"766","Sambucus nigra",5.875,201,NA,1068.225,40.9057,NA
"767","Samolus valerandi",0.195,169.81,9.2025,191.75,0.0257714285714286,NA
"768","Sanicula europaea",0.275,198,70.91322567,2414,2.87321071428571,NA
"769","Santolina chamaecyparissus",NA,NA,NA,NA,0.316,NA
"770","Saponaria ocymoides",0.175,NA,NA,NA,2.0715,NA
"771","Saponaria officinalis",0.458333333333333,199.5,108.266890165,2165.5,1.51482807015789,NA
"772","Satureja montana",0.3,NA,NA,NA,NA,NA
"773","Saxifraga oppositifolia",0.14,NA,NA,NA,0.111777777777778,NA
"774","Saxifraga tridactylites",0.0483333333333333,117.88,2.12245614033333,38,0.01372,NA
"775","Scabiosa atropurpurea",0.5,197.254,66.76,946.75,0.84,NA
"776","Scabiosa columbaria",0.283333333333333,171.333333333333,244.462171073333,5293.33333333333,1.95181818181818,NA
"777","Scandix pecten-veneris",0.233333333333333,128.12,31.27,835.77,12.90062,NA
"778","Schoenus nigricans",0.3,383.546666666667,134.3575,749.166666666667,0.6411125,NA
"779","Scilla bifolia",0.15,78.61,53.45,2376.75,9.55,NA
"780","Scleranthus annuus",0.09,135.515,0.633333333333333,9.935,1.38269473684211,NA
"781","Sclerochloa dura",0.1,NA,NA,NA,NA,NA
"782","Scrophularia auriculata",0.366666666666667,137,743.865842466667,15875.6666666667,0.09892,NA
"783","Scrophularia canina",0.3,165.21,21.045,347.26,0.233333333333333,NA
"784","Scrophularia nodosa",0.583333333333333,182,313.5979769,8166,0.0952,NA
"785","Scutellaria galericulata",0.241666666666667,211.043333333333,16.106093345,640.416666666667,0.689433333285714,NA
"786","Scutellaria hastifolia",0.25,216.84,3.225,112,NA,NA
"787","Sedum album",0.095,49.96,1.63,23.5,0.02,NA
"788","Sedum cepaea",0.13,53.08,1.37,30.33,0.037,NA
"789","Sedum dasyphyllum",0.045,25.24,0.82,19.33,0.026,NA
"790","Sedum hispanicum",0.065,NA,NA,NA,0.0233333333333333,NA
"791","Sedum rupestre",0.178333333333333,72.58,3.16,35.335,0.0566666666666667,NA
"792","Sedum sexangulare",0.1575,108.18,0.5,6.19,0.01,NA
"793","Sedum villosum",0.0833333333333333,NA,NA,NA,0.025,NA
"794","Senecio inaequidens",0.6,184.28,11.66,281.375,0.278533333333333,NA
"795","Senecio sylvaticus",0.375,114,180.9838344,5336,0.241066666666667,NA
"796","Senecio vulgaris",0.2,84,17.58510305,513,0.269,NA
"797","Serratula tinctoria",0.5,190.693333333333,165.05529038,4699.35,2.72874,NA
"798","Setaria italica",0.785,206.32,235.805,5638.5,2.967,NA
"799","Setaria pumila",0.46,216.37,75.09,1890.75,1.76825,NA
"800","Setaria verticillata",0.45,NA,NA,NA,0.995,NA
"801","Setaria viridis",0.5125,274.61,40.7433333333333,1000.75,1.09228571428571,NA
"802","Sherardia arvensis",0.133333333333333,188.5,0.545879121,12.5,1.79741181818182,NA
"803","Sideritis montana",NA,NA,NA,NA,0.62,NA
"804","Sideritis romana",NA,NA,NA,NA,0.516,NA
"805","Silene colorata",NA,NA,NA,NA,0.45067,NA
"806","Silene conica",0.115,NA,NA,NA,0.32424,NA
"807","Silene dioica",0.5632,112,73.28121435,3533,0.7729775,NA
"808","Silene gallica",0.265,131.18,11.83,449,0.32874125,NA
"809","Silene italica",NA,NA,NA,NA,0.543466666666667,NA
"810","Silene latifolia",0.475,142.5,78.064886605,1762.5,0.964555555555556,NA
"811","Silene otites",0.291666666666667,227.305,21.195,170,0.210666666666667,NA
"812","Silene vulgaris",0.27,166,63.76327682,1179.5,0.939154074066667,NA
"813","Silybum marianum",0.85,NA,NA,NA,22.7512,NA
"814","Sinapis alba",0.385,141.095,84.21,2316,3.85288,NA
"815","Sinapis arvensis",0.383333333333333,109.666666666667,326.701141876667,9290.66666666667,2.34714761904762,NA
"816","Sisymbrium irio",0.225,NA,NA,NA,0.0937333333333333,NA
"817","Sisymbrium officinale",0.416666666666667,139,230.985814786667,6344.33333333333,0.270333333333333,NA
"818","Smilax aspera",NA,NA,NA,NA,38.23,NA
"819","Smyrnium olusatrum",0.75,155,172.7079101,6838,27.7377,NA
"820","Solanum americanum",NA,NA,NA,NA,0.588,NA
"821","Solanum dulcamara",0.866666666666667,170.561666666667,82.3569254,1903.25833333333,29.892110294125,NA
"822","Solanum triflorum",1,NA,NA,NA,NA,NA
"823","Soleirolia soleirolii",0.0875,243,0.452586207,15,NA,NA
"824","Solidago virgaurea",0.5,227,94.48678888,2302.5,0.6059,NA
"825","Sonchus arvensis",0.875,138.666666666667,549.532790933333,12192,0.79525,NA
"826","Sonchus asper",0.475,123.666666666667,216.369764033333,5417.33333333333,0.280333333363636,NA
"827","Sonchus oleraceus",1.075,118.5,341.1361911,10611.5,0.325,NA
"828","Sorbus domestica",11.5,NA,NA,NA,30.35,NA
"829","Sorghum bicolor",NA,NA,NA,NA,2.3756,NA
"830","Sparganium erectum",0.375,147.033333333333,918.5615297,13862,18.3422,NA
"831","Spartium junceum",NA,NA,NA,NA,12.38,NA
"832","Spergula arvensis",0.2,145,1.6935855265,11.5,0.346436363636364,NA
"833","Spergularia media",0.175,108.655,0.795,20.875,0.1,NA
"834","Spergularia rubra",0.106666666666667,135,0.82173913,14,0.0324090909090909,NA
"835","Spiranthes spiralis",0.035,NA,NA,NA,NA,NA
"836","Stachys arvensis",0.15,171,7.3076419215,217.5,0.7227,NA
"837","Stachys officinalis",0.308333333333333,243.258333333333,115.03666235,2281.375,1.35145,NA
"838","Stachys palustris",0.541666666666667,182,NA,937.72,1.19455,NA
"839","Stachys recta",0.325,210.805,25.265,740.5,1.708,NA
"840","Stellaria media",0.166666666666667,84,8.7462351015,488,0.3852,NA
"841","Stellaria neglecta",0.433333333333333,84,5.9302861625,416,0.847466666666667,NA
"842","Stipa bromoides",NA,NA,NA,NA,5.15,NA
"843","Suaeda maritima",0.16,84.2525,2.574,32.25,0.798933333333333,NA
"844","Symphytum bulbosum",0.375,NA,NA,NA,NA,NA
"845","Symphytum officinale",0.566666666666667,81.73,342.17,8816.25,8.3244,NA
"846","Symphytum orientale",0.7,124,312.491347,9296,NA,NA
"847","Symphytum tuberosum",0.258333333333333,115.37,84.29,2990.66666666667,6.2392857,NA
"848","Syringa vulgaris",6,327.285,275.31,2339.16666666667,5.38454545454545,NA
"849","Tanacetum corymbosum",0.675,200.425,61.1875,1093.88,0.51,NA
"850","Tanacetum parthenium",0.29,172,125.5838601,4563,0.109028571428571,NA
"851","Tanacetum vulgare",0.825,221,427.99081735,8376,0.293024,NA
"852","Taxodium distichum",40,NA,NA,NA,92.3,NA
"853","Taxus baccata",17.5,267.166666666667,NA,51.85,45.3264,NA
"854","Teucrium chamaedrys",0.14,305.71,7.59,134,1.22,NA
"855","Teucrium montanum",0.2,264.12,2.455,45,0.776,NA
"856","Teucrium scordium",0.25,162.91,5.555,202,0.52502,NA
"857","Teucrium scorodonia",0.25,378.5,87.47340247,939,0.875138461538462,NA
"858","Thalictrum aquilegiifolium",0.675,205.36,1340,44940,2,NA
"859","Thalictrum flavum",0.6,246,1133.827826,32542.5,1.40413,NA
"860","Thalictrum lucidum",0.675,NA,NA,NA,0.767,NA
"861","Thesium humifusum",0.0875,NA,NA,NA,2.934,NA
"862","Thymus pulegioides",0.181666666666667,NA,NA,NA,0.152106666625,NA
"863","Thymus vulgaris",0.25,331.8,NA,NA,0.25933333325,NA
"864","Tilia cordata",21.6666666666667,NA,NA,0,50.55,NA
"865","Tilia platyphyllos",30,206.195,160.91,6034.25,146.54,NA
"866","Tordylium maximum",0.7175,222.255,299.28,8778.25,2.8844,NA
"867","Torilis arvensis",0.55,196.49,38.025,984.5,2.298,NA
"868","Torilis japonica",0.441666666666667,280.666666666667,138.95686189,3936.66666666667,1.77816666666667,NA
"869","Torilis nodosa",0.3625,331.7,4.705,65.5,1.4888,NA
"870","Tragopogon dubius",0.425,198.33,12,321.5,8.244,NA
"871","Tragopogon porrifolius",0.57,155.17,46.39,1398.57,13.9911333333333,NA
"872","Tragopogon pratensis",0.35,188.5,82.326555245,1507.5,10.3430375,NA
"873","Tragus racemosus",0.165,NA,NA,NA,1.857,NA
"874","Trifolium angustifolium",0.11,282,NA,NA,1.28225,NA
"875","Trifolium arvense",0.146666666666667,296.07,11.9355379575,233,0.328710833333333,NA
"876","Trifolium campestre",0.2875,250.25,6.03144394166667,180.666666666667,0.331452142857143,NA
"877","Trifolium cherleri",NA,NA,NA,NA,1.34,NA
"878","Trifolium dubium",0.225,199.5,4.165833614,135.5,0.467240217391304,NA
"879","Trifolium fragiferum",0.1875,223.073333333333,7.165360825,192,2.11377,NA
"880","Trifolium glomeratum",0.1,NA,NA,NA,0.452,NA
"881","Trifolium hybridum",0.35,239.91,68.0123642057143,1675.95,1.01908333325,NA
"882","Trifolium incarnatum",0.358333333333333,186.63,67.3725,1841.625,2.8131,NA
"883","Trifolium medium",0.4,263,65.74024296,1437,2.1266,NA
"884","Trifolium micranthum",0.0516666666666667,199.51,0.8,23,0.3264,NA
"885","Trifolium pratense",0.283333333333333,223.3975,32.58394007,715.5,1.58055555555556,NA
"886","Trifolium repens",0.35,185.6875,11.75808095,682,0.5900266666,NA
"887","Trifolium resupinatum",0.14,168.665,7.76,277.62,0.681666666666667,NA
"888","Trifolium rubens",0.425,274.065,57.665,929.42,2.04,NA
"889","Trifolium scabrum",0.1575,NA,NA,NA,0.6078325,NA
"890","Trifolium squamosum",0.4,NA,NA,NA,NA,NA
"891","Trifolium stellatum",NA,NA,NA,NA,3.24419339366667,NA
"892","Trifolium subterraneum",0.0725,NA,NA,NA,5.484574,NA
"893","Trinia glauca",0.123333333333333,223.26,46.815,564.955,1.84010909090909,NA
"894","Triticum aestivum",1.1125,234.48,134.4,2845.5,43.3333333333333,NA
"895","Trollius europaeus",0.275,193,290.079134466667,5348.33333333333,0.891823076923077,NA
"896","Tuberaria guttata",0.133333333333333,NA,NA,NA,0.11,NA
"897","Tulipa sylvestris",0.3,NA,NA,NA,8.821,NA
"898","Tussilago farfara",0.185,139,2873.9272005,48997.5,0.225233333333333,NA
"899","Typha angustifolia",1.5,265.815,1539.6,9562,0.10285,NA
"900","Typha latifolia",1.5,198.816666666667,1569.79115446667,17522,0.0581076923076923,NA
"901","Ulex europaeus",0.933333333333333,301.9925,3.645,14.5,6.12,NA
"902","Ulmus glabra",33.3333333333333,254.07,114.6725,3395.23333333333,11.48855,NA
"903","Ulmus laevis",35,218.695,98.445,4532.25,8,NA
"904","Ulmus minor",30.25,246.405,64.7225,1734.255,9,NA
"905","Umbilicus rupestris",0.175,48,60.2,1744,0.0071,NA
"906","Urospermum dalechampii",NA,NA,NA,NA,1.11,NA
"907","Urtica dioica",0.875,212.5,101.221290945,3841.5,0.179769230769231,NA
"908","Urtica urens",0.266666666666667,214,21.70206379,456,0.5132,NA
"909","Vaccinium myrtillus",0.3135,331.833333333333,4.04454545454545,72.3027586206897,40.8073555555556,NA
"910","Valeriana officinalis",0.525,140,408.03994595,12333,0.942,NA
"911","Valerianella carinata",0.176666666666667,106.333333333333,5.533503827,185.666666666667,0.542,NA
"912","Valerianella eriocarpa",0.156666666666667,NA,NA,NA,0.67,NA
"913","Valerianella locusta",0.135,103,4.788672566,152,0.738755555555556,NA
"914","Vallisneria spiralis",NA,77,NA,1524.6,NA,NA
"915","Verbascum blattaria",0.725,NA,NA,NA,0.105,NA
"916","Verbascum densiflorum",1.1025,190.3675,827.66,15287.2925,0.099,NA
"917","Verbascum nigrum",0.691666666666667,164,1532.4,28632,0.11548,NA
"918","Verbascum phoeniceum",0.45,NA,NA,NA,0.118,NA
"919","Verbascum pulverulentum",0.725,174,1845.1,37095,0.16596,NA
"920","Verbascum sinuatum",NA,NA,NA,NA,0.15,NA
"921","Verbascum thapsus",0.783333333333333,213.666666666667,1595.28015066667,21628.3333333333,0.103033333333333,NA
"922","Verbena officinalis",0.36375,236.95,26.92,377.25,0.389,NA
"923","Veronica anagallis-aquatica",0.308333333333333,107.333333333333,65.39724673,2285,0.0420666666666667,NA
"924","Veronica arvensis",0.113333333333333,134.5375,4.1472318365,151.666666666667,0.118771428571429,NA
"925","Veronica beccabunga",0.333333333333333,136.666666666667,34.47380872,798.666666666667,0.425233333333333,NA
"926","Veronica catenata",0.28125,123.63,9.071927621,361.75,0.0321888888888889,NA
"927","Veronica chamaedrys",0.25,270.46,15.8084799233333,355.5,0.206428571428571,NA
"928","Veronica hederifolia",0.19,91.8875,10.29783229,261.75,4.1612,NA
"929","Veronica montana",0.258333333333333,272,19.99226158,458,0.4069628571,NA
"930","Veronica officinalis",0.12575,280,10.4751908395,54,0.122816666666667,NA
"931","Veronica peregrina",0.108333333333333,131.006666666667,1.60666666666667,45.3633333333333,0.0316,NA
"932","Veronica persica",0.2,120.333333333333,13.705448128,495.333333333333,0.565,NA
"933","Veronica polita",0.325,144.666666666667,3.45969468266667,108.333333333333,0.314133333333333,NA
"934","Veronica praecox",0.0866666666666667,NA,NA,NA,0.187,NA
"935","Veronica scutellata",0.166666666666667,215.875,2.965,74.625,0.473757142857143,NA
"936","Veronica serpyllifolia",0.141666666666667,175,8.018957346,188,0.0493466666666667,NA
"937","Viburnum lantana",3.5,234.895,211.68,3869.5,34.95424,NA
"938","Viburnum opulus",2.91666666666667,250.5,NA,2086.06666666667,145.176942857143,NA
"939","Viburnum tinus",NA,284,NA,1672.95,27.16,NA
"940","Vicia bithynica",0.375,NA,NA,NA,NA,NA
"941","Vicia cracca",0.883333333333333,223.055,29.260000955,971.5,16.0832363636364,NA
"942","Vicia ervilia",0.41,180.11,16.79,315.16,43.5186666666667,NA
"943","Vicia faba",0.75,114.95,326.85,9222,1390,NA
"944","Vicia hirsuta",0.275,240.333333333333,10.51095912,305.333333333333,5.99044,NA
"945","Vicia lutea",0.275,NA,NA,NA,48.0227,NA
"946","Vicia sativa",0.55,217.5,56.185459305,1286,31.0473333333333,NA
"947","Vicia sepium",0.466666666666667,186,24.55676856,1242,22.7702,NA
"948","Vinca major",0.2,238,198.4444733,2607,NA,NA
"949","Vinca minor",0.5875,195,21.85865895,565,6.13,NA
"950","Vincetoxicum hirundinaria",0.75,159.415,28.2075,1513.5,7.42333333333333,NA
"951","Viola alba",0.075,262,NA,NA,1.245,NA
"952","Viola arvensis",0.191666666666667,167.5,23.09604869,546.5,0.468,NA
"953","Viola canina",0.1,245,12.71737374,238,1.08548,NA
"954","Viola hirta",0.075,236.5,169.82454575,3436,3.09404,NA
"955","Viola odorata",0.2375,220,86.57567665,1975.5,2.25653333333333,NA
"956","Viola reichenbachiana",0.12,225.695,17.52,488,2.0248,NA
"957","Viola riviniana",0.135,296,28.96341463,532,1.20026666666667,NA
"958","Viola suavis",0.13,NA,NA,NA,NA,NA
"959","Viola tricolor",0.25,168.533333333333,14.70291069,440.5,0.793276923076923,NA
"960","Vitis vinifera",10,159.8,414.2375,14390.125,18,NA
"961","Vulpia bromoides",0.045,262.333333333333,3.08097386133333,40.6666666666667,0.456066666666667,NA
"962","Vulpia ciliata",NA,NA,0.00079,28,0.2675,NA
"963","Vulpia fasciculata",NA,NA,NA,NA,3.0584,NA
"964","Vulpia geniculata",NA,NA,NA,NA,0.22,NA
"965","Vulpia muralis",NA,NA,NA,NA,0.098125,NA
"966","Vulpia myuros",0.2,272,3.6389671365,40,0.416766666642857,NA
"967","Wisteria sinensis",20,NA,NA,NA,NA,NA
"968","Xanthium orientale",0.64,213.83,870.85,11069,NA,NA
"969","Xanthium spinosum",0.65,NA,NA,NA,200,NA
"970","Xanthium strumarium",0.53,199.406666666667,110.8725,4758.83566666667,NA,NA
"971","Zea mays",2,195.22,1366.6,32702.75,104.72,NA
